title,magnitude,cdi,mmi,alert,tsunami,sig,net,nst,dmin,gap,magType,depth,latitude,longitude,location,continent,country
"M 6.5 - 42 km W of Sola, Vanuatu",6.5,7,4,green,0,657,us,114,7.177,25.0,mww,192.955,-13.8814,167.158,"Sola, Vanuatu",,Vanuatu
"M 6.5 - 43 km S of Intipucá, El Salvador",6.5,8,6,yellow,0,775,us,92,0.679,40.0,mww,69.727,12.814,-88.1265,"Intipucá, El Salvador",,
"M 6.6 - 25 km ESE of Loncopué, Argentina",6.6,7,5,green,0,899,us,70,1.634,28.0,mww,171.371,-38.1911,-70.3731,"Loncopué, Argentina",South America,Argentina
M 6.6 - south of the Fiji Islands,6.6,0,2,green,0,670,us,52,5.123,50.0,mww,598.467,-25.2657,178.424,the Fiji Islands,,
"M 7.1 - 170 km SSE of Teluk Dalam, Indonesia",7.1,9,7,green,0,838,us,70,2.282,58.0,mww,15.462,-0.781,98.5339,"Teluk Dalam, Indonesia",,Indonesia
"M 7.0 - 96 km N of Tuban, Indonesia",7.0,5,3,green,0,818,us,131,1.881,31.0,mww,594.028,-6.0255,112.033,"Tuban, Indonesia",,Indonesia
"M 6.5 - 84 km NNW of San Antonio de los Cobres, Argentina",6.5,4,4,green,0,656,us,97,1.622,33.0,mww,209.976,-23.4797,-66.5108,"San Antonio de los Cobres, Argentina",South America,Argentina
"M 6.5 - 40 km SSE of Jurm, Afghanistan",6.5,7,5,green,0,1350,us,134,2.53,13.0,mww,187.589,36.5227,70.9787,"Jurm, Afghanistan",Asia,Afghanistan
"M 6.8 - 67 km W of Murghob, Tajikistan",6.8,9,7,green,0,737,us,128,1.783,20.0,mww,20.522,38.0726,73.2077,"Murghob, Tajikistan",Asia,Tajikistan
"M 7.5 - 4 km SSE of Ekinözü, Turkey",7.5,9,9,orange,0,1411,us,135,0.85,17.0,mww,10.0,38.0235,37.203,"Ekinözü, Turkey",Asia,Turkiye
"M 6.7 - 18 km ESE of Nurdağı, Turkey",6.7,9,8,yellow,0,800,us,108,0.218,44.0,mww,14.497,37.4135,36.8306,"Nurdağı, Turkey",Asia,Turkiye
M 7.8 - Central Turkey,7.8,9,9,red,0,2910,us,118,1.919,32.0,mww,17.925,37.2012,36.9997,Central Turkey,Asia,Turkiye
M 6.8 - ,6.8,4,3,green,0,718,us,60,5.129,61.0,mww,610.671,-26.7209,-63.0394,,South America,Argentina
"M 7.6 - Pulau Pulau Tanimbar, Indonesia",7.6,5,7,green,0,957,us,114,1.575,21.0,mww,105.249,-7.0852,130.039,"Pulau Pulau Tanimbar, Indonesia",,Indonesia
"M 6.9 - 204 km SW of Bengkulu, Indonesia",6.9,4,4,green,0,735,us,99,2.229,34.0,mww,25.0,-4.9559,100.738,"Bengkulu, Indonesia",,
"M 6.6 - 44 km SE of Kangding, China",6.6,9,8,orange,0,1043,us,141,8.454,34.0,mww,12.0,29.7263,102.279,"Kangding, China",Asia,People's Republic of China
"M 6.5 - 107 km SSW of Tarauacá, Brazil",6.5,3,2,green,0,653,us,236,1.999,31.0,mww,622.73,-9.0618,-71.1647,"Tarauacá, Brazil",South America,Brazil
"M 6.7 - 166 km W of Pariaman, Indonesia",6.7,9,6,green,0,708,us,0,2.188,43.0,mww,28.0,-0.6831,98.6034,"Pariaman, Indonesia",Asia,Indonesia
"M 6.5 - 49 km NW of Barranca, Peru",6.5,8,6,green,0,690,us,0,3.026,22.0,mww,110.0,-4.455,-76.9395,"Barranca, Peru",South America,Peru
"M 6.6 - 80 km SW of Labuan, Indonesia",6.6,8,6,green,0,785,us,0,2.418,22.0,mww,33.0,-6.9291,105.251,"Labuan, Indonesia",,Indonesia
"M 6.6 - 48 km WNW of Pólis, Cyprus",6.6,6,6,green,0,976,us,0,1.168,21.0,mww,21.0,35.1456,31.9095,"Pólis, Cyprus",Asia,
"M 6.6 - northern Qinghai, China",6.6,9,8,orange,0,1012,us,0,2.685,13.0,mww,13.0,37.8167,101.299,"northern Qinghai, China",Asia,People's Republic of China
"M 7.3 - 125 km NNE of Lospalos, Timor Leste",7.3,8,7,green,0,921,us,0,3.713,19.0,mww,165.49,-7.5924,127.581,"Lospalos, Timor Leste",,Indonesia
M 8.1 - South Sandwich Islands region,8.1,0,7,green,0,1009,us,0,7.463,78.0,mww,22.79,-58.4157,-25.3206,South Sandwich Islands region,,
"M 7.3 - Southern Qinghai, China",7.3,9,9,orange,0,1025,us,0,4.655,9.0,mww,10.0,34.5861,98.2551,"Southern Qinghai, China",Asia,People's Republic of China
"M 6.7 - 260 km S of Sinabang, Indonesia",6.7,8,4,green,0,698,us,0,1.487,37.0,mww,11.0,0.1684,96.6475,"Sinabang, Indonesia",,
M 6.7 - Mauritius - Reunion region,6.7,9,3,green,0,694,us,0,10.669,45.0,mww,10.0,-17.2495,66.3745,Mauritius - Reunion region,,
"M 6.5 - 207 km WSW of Haveluloto, Tonga",6.5,4,4,green,0,651,us,0,5.931,20.0,mww,246.0,-21.6857,-177.064,"Haveluloto, Tonga",,
"M 6.5 - 225 km WNW of Pangai, Tonga",6.5,6,4,green,0,652,us,0,10.405,19.0,mww,301.0,-18.9204,-176.235,"Pangai, Tonga",,
M 6.5 - Kermadec Islands region,6.5,0,4,green,0,650,us,0,11.764,25.0,mwb,24.0,-28.4792,-176.619,Kermadec Islands region,,
"M 6.7 - 29 km SSW of Turt, Mongolia",6.7,8,8,green,0,776,us,0,2.043,22.0,mww,10.0,51.2407,100.443,"Turt, Mongolia",Asia,Mongolia
"M 7.0 - 13 km NNE of Néon Karlovásion, Greece",7.0,8,7,orange,0,1527,us,0,1.518,18.0,mww,21.0,37.8973,26.7953,"Néon Karlovásion, Greece",Europe,Greece
"M 6.5 - 94 km NW of Vallenar, Chile",6.5,6,6,green,0,674,us,0,0.388,49.0,mww,16.0,-27.9285,-71.3937,"Vallenar, Chile",,
M 6.5 - central Mid-Atlantic Ridge,6.5,4,5,green,0,651,us,0,15.394,31.0,mww,10.0,0.8696,-29.7046,central Mid-Atlantic Ridge,,
"M 6.9 - 222 km SSE of Katabu, Indonesia",6.9,4,3,green,0,749,us,0,2.267,20.0,mww,624.0,-6.6704,123.493,"Katabu, Indonesia",,Indonesia
"M 6.9 - 122 km WSW of Bengkulu, Indonesia",6.9,4,4,green,0,735,us,0,1.716,25.0,mww,26.0,-4.2791,101.215,"Bengkulu, Indonesia",,Indonesia
"M 6.8 - 138 km WSW of Bengkulu, Indonesia",6.8,5,4,green,0,716,us,0,1.816,34.0,mww,22.0,-4.3724,101.095,"Bengkulu, Indonesia",,Indonesia
"M 6.6 - 97 km N of Batang, Indonesia",6.6,4,2,green,0,684,us,0,1.458,14.0,mww,533.76,-5.6368,110.678,"Batang, Indonesia",,Indonesia
"M 6.5 - Monte Cristo Range, NV Earthquake",6.5,7,8,green,0,1320,nn,27,0.357,55.79,ml,2.7,38.1689,-117.85,"Monte Cristo Range, NV Earthquake",North America,United States of America
M 6.8 - Banda Sea,6.8,4,6,green,0,738,us,0,1.921,16.0,mww,96.0,-6.7762,129.785,Banda Sea,,Indonesia
"M 6.5 - 91 km S of Néa Anatolí, Greece",6.5,7,6,green,0,678,us,0,1.293,19.0,mww,10.0,34.1818,25.7101,"Néa Anatolí, Greece",,
"M 6.5 - Stanley, Idaho",6.5,8,8,green,0,1410,us,0,0.885,31.0,mww,12.06,44.4646,-115.118,"Stanley, Idaho",North America,United States of America
"M 6.7 - 13 km N of Do?anyol, Turkey",6.7,8,9,orange,0,1247,us,0,0.87,49.0,mww,10.0,38.4312,39.0609,"Do?anyol, Turkey",Asia,Turkey
"M 6.5 - 166km SSW of Ndoi Island, Fiji",6.5,0,2,green,0,650,us,0,4.765,25.0,mww,577.0,-21.9449,-179.511,"Ndoi Island, Fiji",,
"M 6.9 - 152 km SW of Labuan, Indonesia",6.9,4,6,green,0,875,us,0,2.839,23.0,mww,49.0,-7.2822,104.791,"Labuan, Indonesia",,
"M 6.6 - 200km W of Broome, Australia",6.6,5,5,green,0,791,us,0,2.978,32.0,mww,10.0,-18.2242,120.358,"Broome, Australia",,
"M 6.9 - 134km WSW of Kota Ternate, Indonesia",6.9,7,5,green,0,747,us,0,1.205,21.0,mww,35.0,0.5126,126.189,"Kota Ternate, Indonesia",,Indonesia
"M 7.1 - 18km W of Searles Valley, CA",7.1,9,9,yellow,0,1646,ci,77,0.04616,43.0,mw,8.0,35.7695,-117.599,"Searles Valley, CA",North America,United States of America
M 6.7 - Prince Edward Islands region,6.7,0,3,green,0,691,us,0,7.527,17.0,mww,13.0,-43.1219,42.3568,Prince Edward Islands region,,
"M 6.8 - 90km W of Tarauaca, Brazil",6.8,3,3,green,0,715,us,0,1.181,16.0,mww,570.41,-8.144,-71.587,"Tarauaca, Brazil",South America,Brazil
"M 6.8 - 32 km SW of Lithakiá, Greece",6.8,8,7,yellow,0,954,us,0,2.268,15.0,mww,14.0,37.5203,20.5565,"Lithakiá, Greece",Europe,
"M 6.5 - 237 km SW of Port McNeill, Canada",6.5,2,4,green,0,655,us,0,1.692,68.0,mww,10.0,49.297,-129.724,"Port McNeill, Canada",,
"M 7.5 - 72 km N of Palu, Indonesia",7.5,8,8,red,0,2026,us,0,1.649,13.0,mww,20.0,-0.2559,119.846,"Palu, Indonesia",,Indonesia
M 6.5 - south of the Fiji Islands,6.5,4,1,green,0,651,us,0,5.139,18.0,mww,576.0,-25.415,178.199,the Fiji Islands,,
M 6.9 - Kermadec Islands region,6.9,3,4,green,0,735,us,0,2.785,18.0,mww,115.0,-31.7447,-179.373,Kermadec Islands region,,
"M 7.1 - 136 km W of Iñapari, Peru",7.1,0,3,green,0,776,us,0,3.77,12.0,mww,630.0,-11.0355,-70.8284,"Iñapari, Peru",South America,Peru
"M 6.9 - 20 km NNW of Labuan Lombok, Indonesia",6.9,7,7,green,0,1206,us,0,2.453,31.0,mww,21.0,-8.319,116.627,"Labuan Lombok, Indonesia",,Indonesia
"M 6.5 - 124 km N of Labuan Bajo, Indonesia",6.5,5,3,green,0,743,us,0,2.719,23.0,mww,529.0,-7.3718,119.802,"Labuan Bajo, Indonesia",,Indonesia
"M 6.9 - 36 km NW of Labuan Lombok, Indonesia",6.9,9,8,orange,0,1704,us,0,2.271,15.0,mww,34.0,-8.2581,116.438,"Labuan Lombok, Indonesia",,Indonesia
"M 6.8 - 38 km SE of Boyuibe, Bolivia",6.8,5,3,green,0,733,us,0,5.32,16.0,mww,559.0,-20.6588,-63.0058,"Boyuibe, Bolivia",South America,Bolivia
"M 6.5 - 12 km SSW of Kawalu, Indonesia",6.5,8,7,green,0,998,us,0,2.365,28.0,mww,90.0,-7.4921,108.174,"Kawalu, Indonesia",,Indonesia
"M 7.3 - 29 km S of ?alabja, Iraq",7.3,8,9,red,0,2790,us,0,0.284,33.0,mww,19.0,34.9109,45.9592,"?alabja, Iraq",Asia,Iran
"M 6.7 - 181 km NNE of Maumere, Indonesia",6.7,3,3,green,0,694,us,0,1.634,16.0,mww,553.81,-7.2168,123.074,"Maumere, Indonesia",,Indonesia
"M 7.1 - 1 km S of Matzaco, Mexico",7.1,9,8,,0,1686,us,0,0.984,23.0,mww,48.0,18.5499,-98.4887,"Matzaco, Mexico",North America,Mexico
"M 6.5 - 168 km SW of Mawu, China",6.5,5,7,yellow,0,707,us,0,11.411,22.0,mww,9.0,33.1926,103.855,"Mawu, China",Asia,People's Republic of China
"M 6.6 - 11 km ENE of Kos, Greece",6.6,7,7,yellow,0,1064,us,0,0.913,16.0,mww,7.0,36.9293,27.4139,"Kos, Greece",Asia,Turkey
"M 6.6 - 37 km WNW of Poso, Indonesia",6.6,7,7,green,0,678,us,0,2.353,18.0,mww,12.0,-1.2923,120.431,"Poso, Indonesia",,Indonesia
"M 6.5 - 132 km WSW of Moijabana, Botswana",6.5,7,8,green,0,1297,us,0,2.36,15.0,mww,29.0,-22.6784,25.1558,"Moijabana, Botswana",Africa,Botswana
"M 6.5 - 41 km E of Padilla, Bolivia",6.5,3,3,green,0,653,us,0,4.242,14.0,mww,595.98,-19.2814,-63.9047,"Padilla, Bolivia",South America,Bolivia
"M 6.7 - 151 km NE of Lospalos, Timor Leste",6.7,5,5,green,0,726,us,0,3.38,17.0,mww,152.0,-7.5082,127.921,"Lospalos, Timor Leste",,Indonesia
"M 6.5 - 79 km WSW of Kirakira, Solomon Islands",6.5,0,5,green,0,650,us,0,1.937,18.0,mww,12.26,-10.8416,161.314,"Kirakira, Solomon Islands",,
"M 6.5 - 14 km WNW of Reuleuet, Indonesia",6.5,9,8,yellow,0,731,us,0,0.778,27.0,mww,13.0,5.2834,96.1678,"Reuleuet, Indonesia",,Indonesia
"M 6.6 - 122 km N of Murghob, Tajikistan",6.6,8,7,green,0,693,us,0,1.697,20.0,mww,17.0,39.2732,73.9776,"Murghob, Tajikistan",Asia,People's Republic of China
"M 6.6 - 5 km ESE of Preci, Italy",6.6,9,8,red,0,2840,us,0,0.174,25.0,mww,8.0,42.8621,13.0961,"Preci, Italy",Europe,Italy
"M 6.6 - 161 km NNE of Pamanukan, Indonesia",6.6,3,3,green,0,677,us,0,2.022,16.0,mww,614.0,-4.8626,108.163,"Pamanukan, Indonesia",,Indonesia
"M 6.8 - 26 km W of Chauk, Myanmar",6.8,6,6,yellow,0,981,us,0,1.802,17.0,mww,82.0,20.9228,94.569,"Chauk, Myanmar",Asia,Myanmar
"M 6.6 - 80 km W of Sungai Penuh, Indonesia",6.6,4,6,green,0,671,us,0,2.435,16.0,mww,50.0,-2.0967,100.665,"Sungai Penuh, Indonesia",,Indonesia
"M 6.9 - 76 km SE of Mawlaik, Myanmar",6.9,6,6,yellow,0,903,us,0,3.001,14.0,mww,136.0,23.0944,94.8654,"Mawlaik, Myanmar",Asia,Myanmar
"M 6.6 - 42 km WSW of Ashk?sham, Afghanistan",6.6,6,4,green,0,738,us,0,0.789,17.0,mww,212.0,36.4725,71.1311,"Ashk?sham, Afghanistan",Asia,Afghanistan
"M 7.8 - southwest of Sumatra, Indonesia",7.8,4,3,green,0,948,us,0,7.009,20.0,mww,24.0,-4.9521,94.3299,"Sumatra, Indonesia",,
"M 6.7 - 29 km W of Imph?l, India",6.7,8,7,orange,0,1515,us,0,1.794,16.0,mww,55.0,24.8036,93.6505,"Imph?l, India",Asia,India
"M 6.9 - 107 km SE of Amahai, Indonesia",6.9,8,5,green,0,738,us,0,2.979,14.0,mww,21.0,-4.1064,129.508,"Amahai, Indonesia",,Indonesia
"M 7.2 - 104 km W of Murghob, Tajikistan",7.2,4,7,green,0,827,us,0,1.116,18.0,mww,22.0,38.2107,72.7797,"Murghob, Tajikistan",Asia,Tajikistan
"M 6.7 - 125 km SSW of Tarauacá, Brazil",6.7,2,3,green,0,691,us,0,2.033,19.0,mww,602.75,-9.1825,-71.2574,"Tarauacá, Brazil",South America,Brazil
"M 7.6 - 185 km WNW of Iñapari, Peru",7.6,5,4,green,0,896,us,0,2.852,10.0,mww,620.56,-10.0598,-71.0184,"Iñapari, Peru",South America,Peru
"M 6.5 - 19 km SSW of Lefkáda, Greece",6.5,7,7,orange,0,1018,us,0,0.0,0.0,mww,11.0,38.67,20.6,"Lefkáda, Greece",Europe,Greece
"M 6.7 - 140 km WSW of Makurazaki, Japan",6.7,5,4,green,0,702,us,0,1.444,17.0,mww,12.0,31.0009,128.873,"Makurazaki, Japan",,
"M 6.9 - 85 km NW of Coquimbo, Chile",6.9,5,6,green,0,744,us,0,0.821,43.0,mww,10.0,-29.5097,-72.0585,"Coquimbo, Chile",,
"M 6.6 - Nicobar Islands, India region",6.6,7,4,green,0,675,us,0,2.792,31.0,mww,10.0,6.8431,94.648,"Nicobar Islands, India region",,
"M 6.5 - 47 km NW of Maubara, Timor Leste",6.5,5,7,green,0,657,us,0,1.53,21.0,mww,20.0,-8.3381,124.875,"Maubara, Timor Leste",,Indonesia
"M 7.5 - Hindu Kush region, Afghanistan",7.5,8,7,orange,0,1448,us,0,0.622,18.0,mww,231.0,36.5244,70.3676,"Hindu Kush region, Afghanistan",Asia,Afghanistan
"M 6.6 - 28 km N of Sorong, Indonesia",6.6,7,7,green,0,671,us,0,2.486,13.0,mww,18.0,-0.6212,131.262,"Sorong, Indonesia",,Indonesia
"M 6.7 - 61 km WNW of Illapel, Chile",6.7,5,7,green,0,718,us,0,0.853,35.0,mww,23.0,-31.5173,-71.804,"Illapel, Chile",,Chile
"M 6.5 - 54 km WNW of Illapel, Chile",6.5,6,7,green,0,657,us,0,0.749,62.0,mww,27.0,-31.4244,-71.6876,"Illapel, Chile",,Chile
"M 7.0 - 25 km WNW of Illapel, Chile",7.0,8,7,green,0,799,us,0,0.903,13.0,mww,28.41,-31.5622,-71.4262,"Illapel, Chile",South America,Chile
"M 6.5 - Bonin Islands, Japan region",6.5,3,4,green,0,652,us,0,2.277,11.0,mww,460.0,27.7375,139.725,"Bonin Islands, Japan region",,
M 7.3 - Nepal,7.3,8,7,orange,0,1563,us,0,0.677,11.0,mww,15.0,27.8087,86.0655,Nepal,Asia,Nepal
"M 6.7 - 21 km SSE of Kod?ri??, Nepal",6.7,7,7,yellow,0,1016,us,0,0.727,13.0,mww,22.91,27.7711,86.0173,"Kod?ri??, Nepal",Asia,Nepal
"M 6.6 - 71 km NNE of Bharatpur, Nepal",6.6,8,7,yellow,0,733,us,0,1.778,16.0,mww,10.0,28.2244,84.8216,"Bharatpur, Nepal",Asia,Nepal
"M 7.8 - 67 km NNE of Bharatpur, Nepal",7.8,8,9,red,0,2820,us,0,1.857,12.0,mww,8.22,28.2305,84.7314,"Bharatpur, Nepal",Asia,Nepal
"M 7.0 - 150 km NNE of Maumere, Indonesia",7.0,4,6,green,0,760,us,0,1.362,12.0,mww,552.06,-7.2968,122.535,"Maumere, Indonesia",,Indonesia
"M 6.6 - 106 km WSW of Sangay, Philippines",6.6,1,3,green,0,670,us,0,2.6,9.0,mww,614.0,6.1572,123.126,"Sangay, Philippines",,Philippines
"M 6.7 - Kermadec Islands, New Zealand",6.7,0,5,green,0,691,us,0,0.748,43.0,mwc,26.59,-29.9414,-177.607,"Kermadec Islands, New Zealand",,
"M 6.5 - Kermadec Islands, New Zealand",6.5,0,5,green,0,650,us,0,0.778,30.0,mwc,10.0,-29.9379,-177.516,"Kermadec Islands, New Zealand",,
"M 6.9 - 21 km SSW of Kamariótissa, Greece",6.9,9,7,green,0,951,us,0,0.402,25.0,mww,6.43,40.2893,25.3889,"Kamariótissa, Greece",Europe,Greece
"M 6.6 - 75 km S of Kirakira, Solomon Islands",6.6,0,6,green,0,670,us,0,2.666,22.0,mww,10.0,-11.1284,162.052,"Kirakira, Solomon Islands",,
"M 6.5 - 45 km WSW of Iquique, Chile",6.5,7,7,green,0,670,us,0,0.828,82.0,mww,24.07,-20.3113,-70.5756,"Iquique, Chile",,
"M 6.9 - 90 km WNW of Iquique, Chile",6.9,0,5,green,0,732,us,0,0.828,119.0,mww,28.42,-19.8927,-70.9455,"Iquique, Chile",,
"M 6.9 - 272 km ESE of Hotan, China",6.9,3,8,yellow,0,733,us,0,7.496,18.0,mww,10.0,35.9053,82.5864,"Hotan, China",Asia,People's Republic of China
M 6.5 - Fiji region,6.5,3,4,green,0,651,us,0,5.194,22.0,mww,371.0,-17.1171,-176.545,Fiji region,,
"M 6.6 - 36 km W of Kíssamos, Greece",6.6,5,6,yellow,0,691,us,0,1.984,40.0,mww,40.0,35.5142,23.2523,"Kíssamos, Greece",Europe,
M 6.7 - Sea of Okhotsk,6.7,0,3,green,0,691,us,0,2.958,11.0,mww,573.0,53.1995,152.786,Okhotsk,,
"M 6.8 - 129 km WSW of Khuzdar, Pakistan",6.8,7,7,orange,0,1005,us,0,7.359,17.0,mww,12.0,27.1825,65.5052,"Khuzdar, Pakistan",Asia,Pakistan
"M 7.7 - 113 km NW of Bela, Pakistan",7.7,5,8,red,0,2015,us,0,7.241,17.0,mww,15.0,26.951,65.5009,"Bela, Pakistan",Asia,Pakistan
"M 6.5 - Izu Islands, Japan region",6.5,5,3,green,0,739,us,0,3.276,26.0,mww,402.0,29.9377,138.833,"Izu Islands, Japan region",,
"M 6.5 - 180 km NE of Lospalos, Timor Leste",6.5,4,5,green,0,668,us,0,3.097,11.0,mww,112.0,-7.44,128.221,"Lospalos, Timor Leste",,Indonesia
"M 7.0 - 101 km SW of Atka, Alaska",7.0,5,6,green,0,758,us,0,0.624,53.0,mww,29.0,51.537,-175.23,"Atka, Alaska",,
"M 6.6 - 26 km NE of Kandrian, Papua New Guinea",6.6,4,6,green,0,674,us,139,0.0,14.0,mww,56.0,-6.029,149.706,"Kandrian, Papua New Guinea",,Papua New Guinea
"M 6.7 - south of Java, Indonesia",6.7,5,4,green,0,710,us,515,0.0,24.0,mww,9.0,-10.004,107.236,"Java, Indonesia",,
"M 6.8 - Pagan region, Northern Mariana Islands",6.8,0,3,green,0,711,us,131,0.0,18.0,mww,602.2,18.728,145.288,"Pagan region, Northern Mariana Islands",,
"M 6.6 - 56 km WSW of Linqiong, China",6.6,8,8,red,0,2083,us,548,0.0,12.6,mww,14.0,30.308,102.888,"Linqiong, China",Asia,People's Republic of China
"M 7.7 - 79 km ESE of Kh?sh, Iran",7.7,8,8,yellow,0,1421,us,506,0.0,26.6,mww,80.0,28.033,61.996,"Kh?sh, Iran",Asia,Iran
"M 6.5 - 87 km SE of Ozernovskiy, Russia",6.5,3,6,green,0,651,us,480,0.0,20.7,mww,29.0,50.958,157.408,"Ozernovskiy, Russia",Asia,
"M 7.0 - 33 km NW of Lata, Solomon Islands",7.0,0,6,green,0,754,us,445,0.0,17.5,mww,8.8,-10.499,165.588,"Lata, Solomon Islands",,Solomon Islands
"M 7.1 - 112 km WSW of Lata, Solomon Islands",7.1,0,5,green,0,776,us,550,0.0,18.4,mww,10.0,-11.183,164.882,"Lata, Solomon Islands",,
"M 6.9 - 18 km SSW of Obihiro, Japan",6.9,6,7,yellow,0,814,us,686,0.0,28.0,mww,107.0,42.77,143.092,"Obihiro, Japan",Asia,Japan
"M 6.8 - 54 km N of Vallenar, Chile",6.8,6,7,green,0,771,us,596,0.0,19.3,mww,45.0,-28.094,-70.653,"Vallenar, Chile",South America,Chile
"M 7.5 - 110 km SW of Edna Bay, Alaska",7.5,6,6,,0,1425,ak,0,0.0,0.0,mw,8.7,55.228,-134.859,"Edna Bay, Alaska",,
"M 6.7 - 59 km SSW of Sola, Vanuatu",6.7,0,4,,0,691,us,521,0.0,13.7,mww,200.7,-14.344,167.286,"Sola, Vanuatu",,Vanuatu
M 7.1 - Banda Sea,7.1,5,5,,0,843,us,517,0.0,8.7,mww,155.0,-6.533,129.825,Banda Sea,,Indonesia
"M 7.3 - 234 km SE of ?funato, Japan",7.3,6,5,,0,1014,us,918,0.0,14.8,mww,31.0,37.89,143.949,"?funato, Japan",,
"M 6.5 - 32 km SW of Champerico, Guatemala",6.5,4,5,,0,708,us,598,0.0,57.3,mww,20.0,14.129,-92.164,"Champerico, Guatemala",,
"M 6.8 - 51 km NNE of Shwebo, Myanmar",6.8,7,6,,0,795,us,391,0.0,13.7,mww,13.7,23.005,95.885,"Shwebo, Myanmar",Asia,Myanmar
"M 7.4 - 33 km S of Champerico, Guatemala",7.4,8,7,yellow,0,1455,us,751,0.0,25.5,mww,24.0,13.988,-91.895,"Champerico, Guatemala",,
"M 7.8 - 206 km SW of Prince Rupert, Canada",7.8,8,7,,0,1726,us,807,0.0,42.7,mww,14.0,52.788,-132.101,"Prince Rupert, Canada",North America,Canada
M 6.5 - Costa Rica,6.5,6,6,,0,745,us,691,0.0,34.4,mww,17.0,10.086,-85.298,Costa Rica,,Costa Rica
"M 6.6 - 163 km ENE of Tual, Indonesia",6.6,3,5,,0,675,us,291,0.0,17.7,mww,13.0,-4.892,134.03,"Tual, Indonesia",,Indonesia
"M 7.3 - 11 km WNW of San Agustín, Colombia",7.3,7,6,,0,1221,us,934,0.0,15.5,mww,170.0,1.929,-76.362,"San Agustín, Colombia",South America,Colombia
"M 7.6 - 11 km ENE of Hojancha, Costa Rica",7.6,8,7,,0,1555,us,703,0.0,34.3,mww,35.0,10.085,-85.315,"Hojancha, Costa Rica",,Costa Rica
"M 7.6 - 89 km E of Sulangan, Philippines",7.6,8,5,,0,1115,us,682,0.0,10.2,mww,28.0,10.811,126.638,"Sulangan, Philippines",,
"M 7.3 - 126 km S of Puerto El Triunfo, El Salvador",7.3,5,5,,0,994,us,417,0.0,37.0,mww,28.0,12.139,-88.59,"Puerto El Triunfo, El Salvador",,
"M 6.6 - 140 km WNW of Tobelo, Indonesia",6.6,4,5,,0,678,us,497,0.0,14.6,mww,91.1,2.19,126.837,"Tobelo, Indonesia",,Indonesia
"M 7.7 - 156 km ENE of Poronaysk, Russia",7.7,7,4,,0,941,us,862,0.0,13.8,mww,583.2,49.8,145.064,"Poronaysk, Russia",,
"M 6.5 - 105 km ESE of Kokopo, Papua New Guinea",6.5,5,6,,0,653,us,576,0.0,11.7,mww,41.0,-4.651,153.173,"Kokopo, Papua New Guinea",,Papua New Guinea
"M 6.6 - 76 km W of Neiafu, Tonga",6.6,4,5,,0,675,us,529,0.0,15.7,mww,134.7,-18.685,-174.705,"Neiafu, Tonga",,Tonga
"M 6.7 - 86 km SSE of Manokwari, Indonesia",6.7,0,7,,0,691,us,370,0.0,15.4,mww,16.0,-1.617,134.276,"Manokwari, Indonesia",,Indonesia
"M 6.8 - 140 km N of Lae, Papua New Guinea",6.8,6,5,,0,732,us,597,0.0,12.6,mww,198.0,-5.462,147.117,"Lae, Papua New Guinea",,Papua New Guinea
"M 6.7 - 22 km NW of Hacienda La Calera, Chile",6.7,0,7,,0,691,us,518,0.0,26.9,mww,29.0,-32.625,-71.365,"Hacienda La Calera, Chile",South America,Chile
"M 7.0 - 69 km ENE of San Luis, Mexico",7.0,7,7,,0,1000,us,474,0.0,95.9,mww,13.0,28.696,-113.104,"San Luis, Mexico",North America,Mexico
"M 6.5 - 41 km NW of El Habillal, Mexico",6.5,7,6,,0,1171,us,599,0.0,54.1,mwb,20.0,18.229,-102.689,"El Habillal, Mexico",North America,Mexico
M 8.2 - off the west coast of northern Sumatra,8.2,9,6,green,0,1213,us,341,0.0,14.9,mwc,25.1,0.802,92.463,off the west coast of northern Sumatra,,
M 8.6 - off the west coast of northern Sumatra,8.6,9,7,yellow,0,2048,official,499,0.0,16.6,mw,20.0,2.327,93.063,off the west coast of northern Sumatra,,
"M 7.1 - 23 km NE of Constitución, Chile",7.1,7,7,,0,1496,us,553,0.0,15.2,mww,40.7,-35.2,-72.217,"Constitución, Chile",South America,Chile
"M 6.6 - 11 km ENE of Kainantu, Papua New Guinea",6.6,6,6,,0,709,us,640,0.0,10.1,mww,118.0,-6.242,145.955,"Kainantu, Papua New Guinea",,Papua New Guinea
"M 7.4 - 6 km E of Santiago Llano Grande, Mexico",7.4,9,8,,0,1752,us,672,0.0,37.9,mww,20.0,16.493,-98.231,"Santiago Llano Grande, Mexico",North America,Mexico
"M 6.7 - 38 km NE of Saryg-Sep, Russia",6.7,7,7,,0,833,us,596,0.0,13.4,mww,12.0,51.708,95.991,"Saryg-Sep, Russia",Asia,Russia
"M 6.7 - 2 km NNE of Jimalalud, Philippines",6.7,9,7,,0,1551,us,572,0.0,11.1,mww,11.0,9.999,123.206,"Jimalalud, Philippines",,Philippines
"M 7.1 - 125 km W of Port-Vila, Vanuatu",7.1,5,5,,0,793,us,573,0.0,12.0,mww,23.0,-17.827,167.133,"Port-Vila, Vanuatu",,
M 7.2 - off the west coast of northern Sumatra,7.2,4,4,,0,838,us,443,0.0,17.0,mww,19.0,2.433,93.21,off the west coast of northern Sumatra,,
"M 6.6 - 45 km NNE of Saryg-Sep, Russia",6.6,0,7,,0,670,us,545,0.0,17.6,mww,15.0,51.842,95.911,"Saryg-Sep, Russia",Asia,Russia
"M 7.1 - 25 km SSE of Wau, Papua New Guinea",7.1,6,6,,0,834,us,485,0.0,10.6,mww,135.0,-7.551,146.809,"Wau, Papua New Guinea",,Papua New Guinea
"M 6.5 - 6 km SSW of Nuevo Balsas, Mexico",6.5,8,7,,0,1400,us,578,0.0,38.6,mww,59.0,17.986,-99.789,"Nuevo Balsas, Mexico",North America,Mexico
"M 6.9 - 39 km SW of Santiago, Peru",6.9,6,7,,0,847,us,474,0.0,46.5,mww,24.0,-14.438,-75.966,"Santiago, Peru",South America,Peru
"M 7.1 - 27 km NNE of Van, Turkey",7.1,9,9,,0,1096,us,693,0.0,19.7,mww,18.0,38.721,43.508,"Van, Turkey",Asia,Turkey
"M 6.5 - 4 km ESE of Finschhafen, Papua New Guinea",6.5,3,6,,0,655,us,423,0.0,12.6,mww,37.0,-6.57,147.881,"Finschhafen, Papua New Guinea",,Papua New Guinea
"M 6.9 - 43 km NW of Mangan, India",6.9,8,8,,0,1562,us,383,0.0,13.0,mww,50.0,27.73,88.155,"Mangan, India",Asia,India
"M 6.7 - 99 km NE of Miyako, Japan",6.7,5,5,,0,712,us,667,0.0,10.9,mwc,30.0,40.273,142.779,"Miyako, Japan",,
"M 6.7 - 68 km WSW of Kabanjahe, Indonesia",6.7,5,6,,0,915,us,447,0.0,15.3,mww,91.0,2.965,97.893,"Kabanjahe, Indonesia",,Indonesia
"M 7.0 - 133 km SSE of Isangel, Vanuatu",7.0,7,5,,0,761,us,406,0.0,15.3,mww,185.1,-20.671,169.716,"Isangel, Vanuatu",,
"M 7.0 - 64 km ESE of Contamana, Peru",7.0,6,6,,0,913,us,471,0.0,26.9,mww,147.0,-7.641,-74.525,"Contamana, Peru",South America,Peru
"M 7.1 - 64 km S of Port-Vila, Vanuatu",7.1,5,6,,0,787,us,564,0.0,12.3,mww,28.0,-18.311,168.218,"Port-Vila, Vanuatu",,
"M 6.5 - 65 km SSW of Port-Vila, Vanuatu",6.5,0,5,,0,650,us,322,0.0,15.0,mwc,35.0,-18.308,168.156,"Port-Vila, Vanuatu",,
"M 7.2 - 71 km SSW of Port-Vila, Vanuatu",7.2,8,6,,0,813,us,280,0.0,18.4,mww,32.0,-18.365,168.143,"Port-Vila, Vanuatu",,
"M 6.6 - 103 km NE of Angoram, Papua New Guinea",6.6,3,6,,0,674,us,229,0.0,16.6,mww,10.0,-3.518,144.828,"Angoram, Papua New Guinea",,Papua New Guinea
M 7.6 - Kermadec Islands region,7.6,3,7,,0,893,us,567,0.0,33.5,mww,17.0,-29.539,-176.34,Kermadec Islands region,,
"M 6.7 - 41 km NNE of Miyako, Japan",6.7,6,6,,0,749,us,592,0.0,24.9,mww,33.0,39.955,142.205,"Miyako, Japan",Asia,Japan
"M 6.8 - 124 km NE of Wé, New Caledonia",6.8,4,5,,0,734,us,519,0.0,12.5,mww,11.0,-20.244,168.226,"Wé, New Caledonia",,
"M 6.8 - 79 km W of Kirakira, Solomon Islands",6.8,5,6,,0,719,us,445,0.0,13.0,mww,79.0,-10.375,161.2,"Kirakira, Solomon Islands",,Solomon Islands
"M 6.6 - 17 km SSW of Ishikawa, Japan",6.6,7,7,,0,822,us,586,0.0,10.1,mww,11.0,37.001,140.401,"Ishikawa, Japan",Asia,Japan
"M 7.1 - 29 km ESE of Ishinomaki, Japan",7.1,8,8,,0,1114,us,446,0.0,17.7,mww,42.0,38.276,141.588,"Ishinomaki, Japan",Asia,Japan
"M 6.6 - 7 km SW of Helio García Alfaro, Mexico",6.6,7,6,,0,897,us,518,0.0,37.2,mww,166.2,17.208,-94.338,"Helio García Alfaro, Mexico",,Mexico
"M 6.9 - 27 km NNW of Tachilek, Myanmar",6.9,7,9,,0,1154,us,335,0.0,18.2,mww,8.0,20.687,99.822,"Tachilek, Myanmar",Asia,Myanmar
"M 6.6 - 50 km ESE of ?tsuchi, Japan",6.6,6,5,,0,673,us,668,0.0,9.5,ms,25.7,39.241,142.463,"?tsuchi, Japan",,
"M 6.5 - 81 km NE of Hasaki, Japan",6.5,0,4,,0,650,us,369,0.0,18.7,mb,6.8,36.166,141.562,"Hasaki, Japan",,
"M 7.7 - 272 km ESE of Kamaishi, Japan",7.7,7,4,,0,931,us,507,0.0,10.8,mwc,18.6,38.058,144.59,"Kamaishi, Japan",,
"M 7.9 - 47 km E of ?arai, Japan",7.9,8,7,,0,1140,us,163,0.0,48.4,mwc,42.6,36.281,141.111,"?arai, Japan",,
"M 9.1 - 2011 Great Tohoku Earthquake, Japan",9.1,9,8,,0,2184,official,541,0.0,9.5,mww,29.0,38.297,142.373,"2011 Great Tohoku Earthquake, Japan",,
"M 7.3 - 120 km SE of ?funato, Japan",7.3,5,5,,0,972,us,550,0.0,17.4,mww,32.0,38.435,142.842,"?funato, Japan",,
"M 6.7 - 38 km W of Constitución, Chile",6.7,5,6,,0,731,us,358,0.0,33.9,mww,21.0,-35.38,-72.834,"Constitución, Chile",,
"M 6.9 - 21 km N of Tomé, Chile",6.9,7,7,,0,988,us,382,0.0,34.7,mww,26.0,-36.422,-72.96,"Tomé, Chile",South America,Chile
"M 7.2 - 46 km WSW of Dalbandin, Pakistan",7.2,7,7,,0,1449,us,372,0.0,25.3,mww,68.0,28.777,63.951,"Dalbandin, Pakistan",Asia,Pakistan
"M 7.0 - 118 km NNE of Tadine, New Caledonia",7.0,2,5,,0,755,us,578,0.0,13.3,mww,9.0,-20.628,168.471,"Tadine, New Caledonia",,
"M 7.2 - 42 km NNW of Carahue, Chile",7.2,8,7,,0,1054,us,397,0.0,30.1,mww,24.0,-38.355,-73.326,"Carahue, Chile",South America,Chile
"M 7.3 - 141 km W of Isangel, Vanuatu",7.3,0,5,,0,820,us,409,0.0,12.0,mwc,16.0,-19.702,167.947,"Isangel, Vanuatu",,
"M 6.7 - 111 km SE of Bam, Iran",6.7,3,7,,0,708,us,279,0.0,24.3,mwc,12.0,28.412,59.18,"Bam, Iran",Asia,Iran
"M 6.6 - 52 km ENE of Kandrian, Papua New Guinea",6.6,0,6,,0,670,us,306,0.0,18.5,mwb,33.0,-6.001,149.977,"Kandrian, Papua New Guinea",,Papua New Guinea
"M 7.8 - 215 km SW of Sungai Penuh, Indonesia",7.8,4,7,,0,946,us,379,0.0,23.0,mwc,20.1,-3.487,100.082,"Sungai Penuh, Indonesia",,
"M 6.7 - 97 km SSW of El Huitusi, Mexico",6.7,5,5,,0,776,us,352,0.0,50.3,mwc,13.0,24.696,-109.156,"El Huitusi, Mexico",,
"M 7.0 - Near the south coast of Papua, Indonesia",7.0,8,5,,0,772,us,271,0.0,15.1,mwc,26.0,-4.963,133.76,"Papua, Indonesia",,Indonesia
"M 7.0 - 19 km NE of Methven, New Zealand",7.0,8,8,,0,1245,us,365,0.0,15.8,mwc,12.0,-43.522,171.83,"Methven, New Zealand",,New Zealand
M 7.1 - Ecuador,7.1,6,5,,0,945,us,672,0.0,12.4,mwc,206.7,-1.266,-77.306,Ecuador,South America,Ecuador
"M 7.3 - 33 km NW of Port-Vila, Vanuatu",7.3,7,7,,0,850,us,405,0.0,20.2,mwc,25.0,-17.541,168.069,"Port-Vila, Vanuatu",,Vanuatu
"M 7.0 - 72 km ESE of Kimbe, Papua New Guinea",7.0,4,6,,0,757,us,396,0.0,12.7,mww,44.0,-5.746,150.765,"Kimbe, Papua New Guinea",,Papua New Guinea
"M 6.5 - 118 km ESE of Madang, Papua New Guinea",6.5,5,4,,0,659,us,403,0.0,11.1,mwc,220.0,-5.486,146.822,"Madang, Papua New Guinea",,Papua New Guinea
"M 7.6 - 61 km W of Bantogon, Philippines",7.6,5,3,,0,902,us,340,0.0,15.1,mwc,578.0,6.497,123.48,"Bantogon, Philippines",,Philippines
"M 7.3 - New Britain region, Papua New Guinea",7.3,8,7,,0,831,us,397,0.0,18.2,mwc,35.0,-5.931,150.59,"New Britain region, Papua New Guinea",,Papua New Guinea
"M 6.9 - 56 km SE of Kimbe, Papua New Guinea",6.9,4,7,,0,737,us,456,0.0,15.7,mwc,28.0,-5.966,150.428,"Kimbe, Papua New Guinea",,Papua New Guinea
"M 6.6 - 30 km SSE of Cañete, Chile",6.6,6,7,,0,753,us,295,0.0,52.8,mwc,22.0,-38.067,-73.31,"Cañete, Chile",South America,Chile
"M 6.7 - 55 km WSW of Kirakira, Solomon Islands",6.7,5,6,,0,696,us,392,0.0,18.7,mwc,35.0,-10.627,161.447,"Kirakira, Solomon Islands",,Solomon Islands
"M 6.6 - 135 km SSE of Biak, Indonesia",6.6,0,7,,0,670,us,309,0.0,25.0,mwc,10.5,-2.329,136.484,"Biak, Indonesia",,Indonesia
"M 7.0 - 121 km SSE of Biak, Indonesia",7.0,3,7,,0,755,us,307,0.0,18.1,mwc,18.0,-2.174,136.543,"Biak, Indonesia",,Indonesia
"M 7.5 - Nicobar Islands, India region",7.5,6,5,,0,1144,us,514,0.0,18.6,mwc,35.0,7.881,91.936,"Nicobar Islands, India region",,
"M 7.2 - 100 km WNW of Sola, Vanuatu",7.2,5,6,,0,804,us,327,0.0,11.7,mwc,31.0,-13.698,166.643,"Sola, Vanuatu",,Vanuatu
"M 7.2 - 45 km SSW of Meulaboh, Indonesia",7.2,5,6,,0,918,us,611,0.0,20.6,mwc,38.0,3.748,96.018,"Meulaboh, Indonesia",,Indonesia
"M 6.9 - 233 km NNW of Qamdo, China",6.9,6,9,,0,773,us,410,0.0,14.9,mwc,17.0,33.165,96.548,"Qamdo, China",Asia,People's Republic of China
"M 6.9 - 99 km WSW of Kirakira, Solomon Islands",6.9,4,5,,0,740,us,399,0.0,12.1,mwc,21.0,-10.878,161.116,"Kirakira, Solomon Islands",,
"M 7.8 - 75 km E of Sinabang, Indonesia",7.8,0,7,,0,936,us,352,0.0,19.2,mwc,31.0,2.383,97.048,"Sinabang, Indonesia",,Indonesia
"M 7.2 - 12km SW of Delta, B.C., MX",7.2,9,9,red,0,2910,ci,10,0.5137,239.0,mw,9.987,32.2862,-115.295,"Delta, B.C., MX",North America,Mexico
"M 6.6 - 217 km N of Bamboo Flat, India",6.6,5,6,,0,701,us,413,0.0,16.7,mwc,34.0,13.667,92.831,"Bamboo Flat, India",,India
"M 6.7 - 52 km NNW of Tomé, Chile",6.7,5,6,,0,856,us,312,0.0,34.7,mwc,18.0,-36.217,-73.257,"Tomé, Chile",,
"M 6.5 - 59 km ENE of Namie, Japan",6.5,6,5,,0,810,us,491,0.0,27.0,mwc,32.0,37.745,141.59,"Namie, Japan",,
"M 7.0 - 52 km NW of Santa Cruz, Chile",7.0,7,7,,0,874,us,403,0.0,17.1,mwc,18.0,-34.326,-71.799,"Santa Cruz, Chile",South America,Chile
"M 6.9 - 61 km NW of Santa Cruz, Chile",6.9,7,7,,0,1280,us,415,0.0,12.5,mwc,11.0,-34.29,-71.891,"Santa Cruz, Chile",South America,Chile
"M 6.8 - 141 km W of Bengkulu, Indonesia",6.8,4,6,,0,717,us,401,0.0,23.2,mwc,26.0,-3.762,100.991,"Bengkulu, Indonesia",,Indonesia
"M 6.6 - 23 km WNW of Talcahuano, Chile",6.6,7,7,,0,736,us,255,0.0,27.8,mwb,18.0,-36.665,-73.374,"Talcahuano, Chile",,Chile
"M 6.5 - 48 km NW of Sola, Vanuatu",6.5,0,4,,0,650,us,426,0.0,18.7,mwb,176.0,-13.571,167.227,"Sola, Vanuatu",,Vanuatu
"M 7.4 - 124 km W of Lebu, Chile",7.4,0,5,,0,842,us,409,0.0,17.6,mwc,35.0,-37.773,-75.048,"Lebu, Chile",,
"M 8.8 - 36 km WNW of Quirihue, Chile",8.8,8,8,,0,1991,official,454,0.0,17.8,mww,22.9,-36.122,-72.898,"Quirihue, Chile",South America,Chile
"M 7.0 - 70 km SE of Katsuren-haebaru, Japan",7.0,6,6,,0,1180,us,487,0.0,15.7,mwc,25.0,25.93,128.425,"Katsuren-haebaru, Japan",,
"M 7.0 - 10 km SE of Léogâne, Haiti",7.0,9,9,,0,1623,us,500,0.0,22.7,mwc,13.0,18.443,-72.571,"Léogâne, Haiti",,Haiti
"M 6.5 - 37 km WNW of Ferndale, California",6.5,7,7,,0,1360,nc,51,0.3225,220.0,mw,28.737,40.652,-124.692,"Ferndale, California",North America,
"M 6.8 - 127 km SE of Gizo, Solomon Islands",6.8,3,6,,0,713,us,338,0.0,15.0,mwc,15.4,-9.019,157.551,"Gizo, Solomon Islands",,
"M 7.1 - 94 km SE of Gizo, Solomon Islands",7.1,5,7,,0,780,us,377,0.0,15.0,mwc,10.0,-8.783,157.354,"Gizo, Solomon Islands",,Solomon Islands
"M 6.6 - 98 km SE of Gizo, Solomon Islands",6.6,5,7,,0,672,us,282,0.0,16.6,mwc,10.0,-8.726,157.487,"Gizo, Solomon Islands",,Solomon Islands
"M 6.5 - 92 km N of Iquique, Chile",6.5,6,7,,0,698,us,390,0.0,17.7,mwc,27.0,-19.394,-70.321,"Iquique, Chile",South America,Chile
"M 7.3 - 77 km ENE of Ba, Fiji",7.3,0,4,,0,820,us,430,0.0,15.0,mwc,595.0,-17.239,178.331,"Ba, Fiji",,Fiji
"M 6.6 - 29 km NNW of Bima, Indonesia",6.6,7,6,,0,677,us,305,0.0,20.4,mwc,18.0,-8.207,118.631,"Bima, Indonesia",,Indonesia
"M 6.8 - 98 km NNE of Naze, Japan",6.8,0,6,,0,711,us,424,0.0,21.4,mwc,34.0,29.218,129.782,"Naze, Japan",,
"M 6.9 - 268 km WSW of Tual, Indonesia",6.9,4,6,,0,972,us,397,0.0,11.0,mwc,130.0,-6.133,130.385,"Tual, Indonesia",,Indonesia
"M 6.8 - 188 km WNW of Sola, Vanuatu",6.8,0,5,,0,711,us,174,0.0,30.2,mwc,35.0,-13.298,165.91,"Sola, Vanuatu",,
"M 7.4 - 143 km NW of Sola, Vanuatu",7.4,0,7,,0,842,us,314,0.0,20.2,mwc,31.1,-13.093,166.497,"Sola, Vanuatu",,Vanuatu
"M 7.8 - 196 km NW of Sola, Vanuatu",7.8,0,6,,0,936,us,195,0.0,20.3,mwc,35.0,-12.517,166.382,"Sola, Vanuatu",,
"M 7.7 - 148 km NW of Sola, Vanuatu",7.7,4,7,,0,916,us,283,0.0,23.2,mww,45.0,-13.006,166.51,"Sola, Vanuatu",,Vanuatu
"M 6.6 - 49 km SSE of Sungai Penuh, Indonesia",6.6,7,7,,0,787,us,417,0.0,30.1,mwc,9.0,-2.482,101.524,"Sungai Penuh, Indonesia",,Indonesia
"M 7.6 - 30 km WSW of Pariaman, Indonesia",7.6,8,8,,0,1639,us,498,0.0,14.0,mwc,81.0,-0.72,99.867,"Pariaman, Indonesia",,Indonesia
"M 8.1 - 168 km SSW of Matavai, Samoa",8.1,7,6,,0,1055,us,520,0.0,20.8,mwc,18.0,-15.489,-172.095,"Matavai, Samoa",,
"M 7.0 - 66 km SSW of Banjar, Indonesia",7.0,7,7,,0,1175,us,312,0.0,16.3,mwc,46.0,-7.782,107.297,"Banjar, Indonesia",,Indonesia
"M 6.7 - 112 km WSW of Padang, Indonesia",6.7,5,6,,0,753,us,369,0.0,14.9,mwc,20.0,-1.479,99.49,"Padang, Indonesia",,Indonesia
"M 6.6 - 244 km SSE of Tateyama, Japan",6.6,4,5,,0,703,us,336,0.0,14.1,mwc,53.0,32.821,140.395,"Tateyama, Japan",,
"M 7.5 - 266 km N of Bamboo Flat, India",7.5,7,6,,0,1248,us,303,0.0,18.2,mwc,24.0,14.099,92.902,"Bamboo Flat, India",,
"M 7.1 - 161 km S of ?yama, Japan",7.1,5,4,,0,1005,us,447,0.0,14.2,mwc,292.0,33.167,137.944,"?yama, Japan",,
"M 6.9 - 96 km WNW of Bahía de Kino, Mexico",6.9,5,7,,0,1202,us,243,0.0,35.0,mwc,10.0,29.039,-112.903,"Bahía de Kino, Mexico",North America,Mexico
"M 7.8 - 97 km WSW of Te Anau, New Zealand",7.8,6,8,,0,1165,us,434,0.0,16.8,mwc,12.0,-45.762,166.562,"Te Anau, New Zealand",,New Zealand
"M 6.7 - 190 km ESE of Kokopo, Papua New Guinea",6.7,5,5,,0,693,us,269,0.0,13.8,mwc,64.0,-5.157,153.782,"Kokopo, Papua New Guinea",,Papua New Guinea
"M 7.3 - 46 km NW of Guanaja, Honduras",7.3,7,8,,0,1560,us,464,0.0,27.2,mwc,19.0,16.731,-86.217,"Guanaja, Honduras",,
"M 7.6 - 191 km S of ‘Ohonua, Tonga",7.6,7,5,,0,916,us,504,0.0,14.0,mwc,31.0,-23.043,-174.66,"‘Ohonua, Tonga",,
"M 7.2 - 196 km SSE of Sarangani, Philippines",7.2,3,7,,0,802,us,432,0.0,18.6,mwc,20.0,3.886,126.387,"Sarangani, Philippines",,Indonesia
"M 7.4 - 86 km WNW of Manokwari, Indonesia",7.4,7,7,,0,846,us,314,0.0,21.1,mwc,23.0,-0.691,133.305,"Manokwari, Indonesia",,Indonesia
"M 6.6 - 50 km S of Jurm, Afghanistan",6.6,5,4,,0,765,us,344,0.0,22.6,mwc,204.8,36.419,70.743,"Jurm, Afghanistan",Asia,Afghanistan
"M 7.7 - 140 km WNW of Manokwari, Indonesia",7.7,5,7,,0,918,us,288,0.0,29.8,mwc,17.0,-0.414,132.885,"Manokwari, Indonesia",,Indonesia
"M 7.4 - 135 km NW of Gorontalo, Indonesia",7.4,9,7,,0,848,us,365,0.0,33.7,mww,30.0,1.271,122.091,"Gorontalo, Indonesia",,Indonesia
"M 6.7 - 19 km SW of Brisas Barra de Suchiate, Mexico",6.7,5,6,,0,731,us,481,0.0,28.6,mwc,24.0,14.423,-92.364,"Brisas Barra de Suchiate, Mexico",,Mexico
"M 6.7 - 131 km SE of Nookat, Kyrgyzstan",6.7,0,6,,0,691,us,529,0.0,22.3,mwc,27.4,39.533,73.824,"Nookat, Kyrgyzstan",Asia,Kyrgyzstan
"M 6.8 - 122 km SSE of Obihiro, Japan",6.8,0,6,,0,711,us,500,0.0,22.2,mwc,25.0,41.892,143.754,"Obihiro, Japan",,
"M 6.6 - 73 km WNW of Tobelo, Indonesia",6.6,0,6,,0,670,us,463,0.0,14.1,mwc,96.0,1.885,127.363,"Tobelo, Indonesia",,Indonesia
"M 6.9 - 75 km WNW of Sola, Vanuatu",6.9,0,6,,0,732,us,531,0.0,14.9,mwc,110.0,-13.501,166.967,"Sola, Vanuatu",,Vanuatu
"M 6.7 - 221 km NE of Jumla, Nepal",6.7,4,7,,0,692,us,325,0.0,28.0,mwc,12.0,30.901,83.52,"Jumla, Nepal",Asia,People's Republic of China
"M 6.8 - 29 km ENE of Morioka, Japan",6.8,8,7,,0,1046,us,633,0.0,20.2,mwc,108.0,39.802,141.464,"Morioka, Japan",Asia,Japan
"M 7.0 - 107 km E of Namie, Japan",7.0,5,5,,0,840,us,577,0.0,18.2,mwc,22.0,37.552,142.214,"Namie, Japan",,
"M 6.9 - 151 km E of Namie, Japan",6.9,5,5,,0,825,duputel,0,0.0,0.0,mww,25.5,37.55,142.714,"Namie, Japan",,
"M 6.6 - 124 km SW of Bamboo Flat, India",6.6,4,5,,0,680,us,630,0.0,18.4,mwc,17.0,11.005,91.824,"Bamboo Flat, India",,
"M 6.9 - 24 km WSW of Mizusawa, Japan",6.9,7,8,,0,888,us,654,0.0,17.1,mwc,7.8,39.03,140.881,"Mizusawa, Japan",Asia,Japan
"M 7.9 - 58 km W of Tianpeng, China",7.9,9,9,,0,1870,us,774,0.0,11.3,mwc,19.0,31.002,103.322,"Tianpeng, China",Asia,People's Republic of China
"M 6.9 - 78 km NE of Hasaki, Japan",6.9,5,5,,0,910,us,519,0.0,21.1,mwc,27.0,36.164,141.526,"Hasaki, Japan",,
"M 7.3 - 71 km SW of Isangel, Vanuatu",7.3,0,6,,0,820,us,486,0.0,13.4,mwc,33.0,-20.071,168.892,"Isangel, Vanuatu",,
"M 7.2 - 226 km SE of Hotan, China",7.2,0,7,,0,798,us,532,0.0,25.9,mwc,10.0,35.49,81.467,"Hotan, China",Asia,People's Republic of China
M 6.9 - Philippine Islands region,6.9,4,5,,0,740,us,544,0.0,25.9,mwc,24.0,13.351,125.63,Philippine Islands region,,
"M 6.7 - 155 km SSW of Padang, Indonesia",6.7,5,6,,0,696,us,543,0.0,15.1,mwc,25.0,-2.245,99.808,"Padang, Indonesia",,Indonesia
"M 6.6 - 161 km SSW of Padang, Indonesia",6.6,4,6,,0,674,us,421,0.0,17.7,mwc,25.0,-2.332,99.891,"Padang, Indonesia",,Indonesia
"M 7.2 - 164 km WSW of Sungai Penuh, Indonesia",7.2,4,7,,0,832,us,505,0.0,18.4,mwc,25.0,-2.486,99.972,"Sungai Penuh, Indonesia",,Indonesia
"M 6.5 - 166 km WSW of Sungai Penuh, Indonesia",6.5,4,6,,0,654,us,429,0.0,28.3,mwc,22.0,-2.405,99.931,"Sungai Penuh, Indonesia",,Indonesia
"M 7.4 - 56 km NW of Sinabang, Indonesia",7.4,5,7,,0,914,us,607,0.0,16.4,mwc,26.0,2.768,95.964,"Sinabang, Indonesia",,Indonesia
"M 6.5 - 50 km S of Koróni, Greece",6.5,8,5,,0,692,us,650,0.0,30.7,mwc,28.0,36.345,21.863,"Koróni, Greece",Europe,
"M 6.9 - 35 km S of Methóni, Greece",6.9,6,6,,0,941,us,645,0.0,30.6,mwc,29.0,36.501,21.67,"Methóni, Greece",Europe,
"M 6.5 - 9 km SSW of General Pascual Fentes, Mexico",6.5,7,6,,0,723,us,521,0.0,27.6,mwc,83.0,16.357,-94.304,"General Pascual Fentes, Mexico",,Mexico
"M 6.6 - 46 km SSE of Gisborne, New Zealand",6.6,7,6,,0,808,us,461,0.0,18.8,mwc,20.0,-39.011,178.291,"Gisborne, New Zealand",,
"M 6.7 - 80 km NNE of Antofagasta, Chile",6.7,5,7,,0,704,us,481,0.0,30.3,mwb,45.0,-22.954,-70.182,Ant,South America,Chile
"M 7.4 - 18 km WNW of Basse-Pointe, Martinique",7.4,7,7,,0,1542,us,663,0.0,13.4,mwb,156.0,14.944,-61.274,"Basse-Pointe, Martinique",,Martinique
"M 6.6 - 60 km SSE of Kirakira, Solomon Islands",6.6,3,6,,0,672,us,280,0.0,26.9,mwc,16.0,-10.95,162.149,"Kirakira, Solomon Islands",,Solomon Islands
"M 6.5 - 34 km N of Dompu, Indonesia",6.5,5,7,,0,653,us,272,0.0,27.6,mwc,18.0,-8.224,118.467,"Dompu, Indonesia",,Indonesia
"M 6.5 - 28 km NNW of Dompu, Indonesia",6.5,7,7,,0,657,us,353,0.0,27.5,mwc,20.0,-8.292,118.37,"Dompu, Indonesia",,Indonesia
"M 6.8 - 107 km N of Lae, Papua New Guinea",6.8,6,6,,0,722,us,341,0.0,15.9,mwc,53.0,-5.757,147.098,"Lae, Papua New Guinea",,Papua New Guinea
"M 6.8 - 30 km E of Macas, Ecuador",6.8,7,6,,0,790,us,649,0.0,27.0,mwc,122.9,-2.312,-77.838,"Macas, Ecuador",South America,Ecuador
"M 6.8 - 82 km NNE of Antofagasta, Chile",6.8,6,7,,0,716,us,285,0.0,40.1,mwc,26.0,-22.925,-70.237,Ant,South America,Chile
"M 7.7 - 36 km ESE of Tocopilla, Chile",7.7,8,7,,0,995,us,610,0.0,22.4,mwc,40.0,-22.247,-69.89,"Tocopilla, Chile",South America,Chile
"M 6.8 - 138 km W of Bengkulu, Indonesia",6.8,3,5,,0,713,us,494,0.0,23.9,mwc,21.0,-3.899,101.02,"Bengkulu, Indonesia",,Indonesia
"M 6.8 - 70 km N of Te Anau, New Zealand",6.8,4,7,,0,744,us,338,0.0,19.0,mwc,18.0,-44.796,167.553,"Te Anau, New Zealand",,New Zealand
"M 6.8 - 154 km ESE of Kokopo, Papua New Guinea",6.8,4,5,,0,713,us,348,0.0,15.5,mwc,40.0,-4.99,153.5,"Kokopo, Papua New Guinea",,Papua New Guinea
"M 6.7 - 118 km SSW of Padang, Indonesia",6.7,3,5,,0,696,us,503,0.0,26.9,mwc,30.0,-1.999,100.141,"Padang, Indonesia",,Indonesia
"M 7.0 - 153 km SSW of Padang, Indonesia",7.0,4,7,,0,768,us,537,0.0,23.1,mwc,22.0,-2.13,99.627,"Padang, Indonesia",,Indonesia
"M 6.5 - Kepulauan Mentawai region, Indonesia",6.5,0,5,,0,650,us,409,0.0,26.2,mwc,28.9,-1.689,99.668,"Kepulauan Mentawai region, Indonesia",,Indonesia
"M 7.9 - 87 km SW of Sungai Penuh, Indonesia",7.9,8,7,,0,1133,us,446,0.0,29.1,mwc,35.0,-2.625,100.841,"Sungai Penuh, Indonesia",,Indonesia
"M 7.8 - 148 km WSW of Sungai Penuh, Indonesia",7.8,7,8,,0,1152,duputel,0,0.0,0.0,mww,40.5,-2.52,100.139,"Sungai Penuh, Indonesia",Asia,Indonesia
"M 8.4 - 122 km SW of Bengkulu, Indonesia",8.4,0,6,,0,1086,official,411,0.0,32.3,mww,34.0,-4.438,101.367,"Bengkulu, Indonesia",,Indonesia
"M 6.8 - 39 km WNW of Timbiquí, Colombia",6.8,5,6,,0,747,us,653,0.0,17.6,mwc,15.0,2.966,-77.963,"Timbiquí, Colombia",,Colombia
"M 7.2 - 97 km S of Lata, Solomon Islands",7.2,0,5,,0,798,us,312,0.0,21.3,mwc,35.0,-11.61,165.762,"Lata, Solomon Islands",,
"M 6.5 - 31 km WSW of Malango, Solomon Islands",6.5,5,6,,0,675,us,382,0.0,12.8,mwc,15.0,-9.834,159.465,"Malango, Solomon Islands",,
"M 8.0 - 41 km SW of San Vicente de Cañete, Peru",8.0,9,8,,0,1385,us,625,0.0,25.7,mwc,39.0,-13.386,-76.603,"San Vicente de Cañete, Peru",,Peru
"M 7.5 - 35 km NNE of Rengasdengklok, Indonesia",7.5,0,5,,0,865,us,228,0.0,30.7,mwc,280.0,-5.859,107.419,"Rengasdengklok, Indonesia",,Indonesia
"M 7.2 - 56 km E of Luganville, Vanuatu",7.2,7,7,,0,803,us,494,0.0,20.4,mwb,120.0,-15.595,167.68,"Luganville, Vanuatu",,Vanuatu
"M 6.9 - 140 km NNW of Tobelo, Indonesia",6.9,3,5,,0,734,us,374,0.0,24.1,mwb,25.0,2.872,127.464,"Tobelo, Indonesia",,Indonesia
"M 6.8 - 133 km WNW of Mikuni, Japan",6.8,5,4,,0,779,us,664,0.0,18.2,mwb,350.4,36.808,134.85,"Mikuni, Japan",,
"M 6.6 - 20 km NNW of Kashiwazaki, Japan",6.6,8,8,,0,831,us,782,0.0,16.7,mwc,12.0,37.535,138.446,"Kashiwazaki, Japan",Asia,Japan
"M 6.7 - 43 km SSE of Iztapa, Guatemala",6.7,6,6,,0,972,us,468,0.0,37.7,mwc,23.0,13.554,-90.618,"Iztapa, Guatemala",,
"M 6.9 - 113 km SSE of Panguna, Papua New Guinea",6.9,0,7,,0,732,us,305,0.0,15.3,mwc,10.0,-7.306,155.741,"Panguna, Papua New Guinea",,Solomon Islands
"M 6.6 - 99 km SSE of Panguna, Papua New Guinea",6.6,0,7,,0,670,us,251,0.0,16.0,mb,10.0,-7.169,155.777,"Panguna, Papua New Guinea",,Solomon Islands
"M 8.1 - 45 km SSE of Gizo, Solomon Islands",8.1,9,8,,0,1025,us,439,0.0,14.7,mwc,24.0,-8.466,157.043,"Gizo, Solomon Islands",,Solomon Islands
"M 6.7 - 46 km NW of Nanao, Japan",6.7,7,8,,0,782,us,493,0.0,23.9,mwc,8.0,37.336,136.588,"Nanao, Japan",Asia,Japan
"M 7.1 - 119 km S of Isangel, Vanuatu",7.1,3,6,,0,779,us,426,0.0,25.3,mwb,34.0,-20.617,169.357,"Isangel, Vanuatu",,
"M 6.7 - 206 km SSW of Sofifi, Indonesia",6.7,0,6,,0,691,us,253,0.0,40.3,mwc,12.0,-1.034,126.976,S,,Indonesia
"M 7.5 - 126 km WNW of Ternate, Indonesia",7.5,6,5,,0,874,us,570,0.0,21.6,mwc,22.0,1.065,126.282,"Ternate, Indonesia",,Indonesia
M 8.1 - east of the Kuril Islands,8.1,4,5,,0,1034,us,606,0.0,14.0,mwc,10.0,46.243,154.524,the Kuril Islands,,
"M 6.9 - 26 km W of Hengchun, Taiwan",6.9,6,7,,0,798,us,466,0.0,31.6,mwc,10.0,21.974,120.493,"Hengchun, Taiwan",Asia,Taiwan
"M 7.1 - 30 km SW of Hengchun, Taiwan",7.1,8,7,,0,1023,us,744,0.0,29.1,mwb,10.0,21.799,120.547,"Hengchun, Taiwan",Asia,Taiwan
M 8.3 - Kuril Islands,8.3,4,7,,0,1064,us,576,0.0,20.9,mwc,10.0,46.592,153.266,Kuril Islands,,
"M 6.6 - 155 km SE of Kimbe, Papua New Guinea",6.6,0,6,,0,670,us,352,0.0,18.6,mwc,11.0,-6.482,151.195,"Kimbe, Papua New Guinea",,
"M 6.7 - 52 km SW of San Vicente de Cañete, Peru",6.7,5,6,,0,732,us,444,0.0,53.4,mwc,23.0,-13.457,-76.677,"San Vicente de Cañete, Peru",,Peru
"M 6.7 - 100 km ESE of Kimbe, Papua New Guinea",6.7,5,6,,0,692,us,533,0.0,15.6,mwc,32.0,-5.881,150.982,"Kimbe, Papua New Guinea",,Papua New Guinea
"M 6.7 - 14 km SW of Puako, Hawaii",6.7,8,9,,0,1481,hv,43,0.0,124.0,md,38.182,19.877,-155.935,"Puako, Hawaii",,United States of America
"M 6.9 - 201 km ESE of Hihifo, Tonga",6.9,3,3,,0,737,us,702,0.0,20.9,mwc,28.0,-16.592,-172.033,"Hihifo, Tonga",,
"M 6.8 - 49 km S of Panguna, Papua New Guinea",6.8,0,6,,0,711,us,459,0.0,28.4,mwb,38.0,-6.759,155.512,"Panguna, Papua New Guinea",,Papua New Guinea
"M 6.5 - 81 km ESE of Ozernovskiy, Russia",6.5,0,6,,0,650,us,700,0.0,47.4,mwb,43.0,51.148,157.522,"Ozernovskiy, Russia",Asia,Russia
"M 6.8 - 51 km NE of Norsup, Vanuatu",6.8,5,5,,0,713,us,551,0.0,26.2,mwb,150.0,-15.798,167.789,"Norsup, Vanuatu",,Vanuatu
"M 7.7 - 226 km SSW of Singaparna, Indonesia",7.7,7,5,,0,947,us,357,0.0,36.8,mwc,20.0,-9.284,107.419,"Singaparna, Indonesia",,
"M 6.5 - 111 km E of Kimbe, Papua New Guinea",6.5,0,6,,0,650,us,477,0.0,20.3,mwc,34.0,-5.724,151.133,"Kimbe, Papua New Guinea",,Papua New Guinea
"M 6.6 - 42 km NNW of Tilichiki, Russia",6.6,0,7,,0,670,us,548,0.0,28.0,mwc,19.0,60.772,165.743,"Tilichiki, Russia",Asia,Russia
"M 6.8 - 256 km SSW of Singkil, Indonesia",6.8,4,5,,0,719,us,701,0.0,16.3,mwb,12.0,0.093,97.05,"Singkil, Indonesia",,
"M 8.0 - 47 km SSE of Pangai, Tonga",8.0,7,7,,0,1013,us,626,0.0,20.7,mwc,55.0,-20.187,-174.123,"Pangai, Tonga",,
"M 8.0 - 50 km ESE of Pangai, Tonga",8.0,8,9,,0,1026,duputel,0,0.0,0.0,mww,60.5,-19.99,-173.907,"Pangai, Tonga",,
"M 6.5 - 73 km WNW of Copiapó, Chile",6.5,7,7,,0,653,us,282,0.0,46.3,mwc,12.0,-27.211,-71.056,"Copiapó, Chile",,Chile
"M 6.7 - 78 km WNW of Copiapó, Chile",6.7,6,7,,0,696,us,277,0.0,25.6,mwb,12.0,-27.017,-71.022,"Copiapó, Chile",,Chile
"M 6.6 - 80 km E of Tilichiki, Russia",6.6,0,8,,0,670,us,645,0.0,28.4,mwc,11.0,60.491,167.516,"Tilichiki, Russia",Asia,Russia
"M 7.6 - 80 km NE of Tilichiki, Russia",7.6,0,8,,0,889,us,579,0.0,18.5,mwc,22.0,60.949,167.089,"Tilichiki, Russia",Asia,Russia
"M 6.5 - 130 km NNW of Lautoka, Fiji",6.5,3,5,,0,654,us,247,0.0,25.5,mwc,14.0,-16.527,176.989,"Lautoka, Fiji",,
"M 6.7 - 108 km W of Ambon, Indonesia",6.7,0,7,,0,691,us,306,0.0,21.3,mwb,30.1,-3.595,127.214,"Ambon, Indonesia",,Indonesia
"M 7.0 - 160 km SE of Chipinge, Zimbabwe",7.0,5,9,,0,891,us,412,0.0,23.2,mwb,11.0,-21.324,33.583,"Chipinge, Zimbabwe",Africa,Mozambique
"M 6.7 - 26 km NE of Kýthira, Greece",6.7,7,6,,0,934,us,769,0.0,19.7,mwb,66.0,36.311,23.212,"Kýthira, Greece",Europe,Greece
"M 6.6 - 75 km SSW of Bahía de Kino, Mexico",6.6,7,6,,0,703,us,323,0.0,48.2,mwc,14.0,28.164,-112.117,"Bahía de Kino, Mexico",,
"M 6.5 - 53 km SW of Ashk?sham, Afghanistan",6.5,6,5,,0,721,us,529,0.0,20.5,mwb,224.6,36.357,71.093,"Ashk?sham, Afghanistan",Asia,Afghanistan
"M 6.8 - 76 km ESE of Kalemie, Democratic Republic of the Congo",6.8,5,7,,0,744,us,561,0.0,20.0,mwc,22.0,-6.224,29.83,"Kalemie, Democratic Republic",Africa,Tanzania
"M 6.5 - 80 km ESE of Ishinomaki, Japan",6.5,4,5,,0,683,us,464,0.0,48.8,mwc,29.0,38.089,142.122,"Ishinomaki, Japan",,
"M 6.5 - 57 km SE of Sinabang, Indonesia",6.5,3,6,,0,651,us,358,0.0,20.7,mwb,21.0,2.164,96.786,"Sinabang, Indonesia",,Indonesia
"M 6.8 - 68 km NNE of San Pedro de Atacama, Chile",6.8,0,6,,0,711,us,509,0.0,30.1,mwb,147.0,-22.361,-67.895,"San Pedro de Atacama, Chile",South America,Bolivia
"M 7.6 - 21 km NNE of Muzaffar?b?d, Pakistan",7.6,9,9,,0,1267,us,724,0.0,21.1,mwc,26.0,34.539,73.588,"Muzaffar?b?d, Pakistan",Asia,Pakistan
"M 6.6 - 129 km SSW of Kokopo, Papua New Guinea",6.6,0,6,,0,670,us,402,0.0,17.7,mwc,25.0,-5.437,151.84,"Kokopo, Papua New Guinea",,Papua New Guinea
"M 7.5 - 39 km NW of Yurimaguas, Peru",7.5,8,7,,0,1018,us,696,0.0,26.2,mwb,115.0,-5.678,-76.398,"Yurimaguas, Peru",South America,Peru
"M 7.6 - 135 km E of Kokopo, Papua New Guinea",7.6,5,7,,0,891,us,502,0.0,20.0,mwc,90.0,-4.539,153.474,"Kokopo, Papua New Guinea",,Papua New Guinea
"M 7.2 - 66 km ESE of Ishinomaki, Japan",7.2,7,7,,0,1104,us,698,0.0,19.6,mwc,36.0,38.276,142.039,"Ishinomaki, Japan",,
"M 7.2 - Nicobar Islands, India region",7.2,4,5,,0,808,us,636,0.0,26.4,mwc,16.0,7.92,92.19,"Nicobar Islands, India region",,
"M 6.7 - 94 km WSW of Singkil, Indonesia",6.7,3,6,,0,693,us,398,0.0,22.3,mwc,21.0,1.819,97.082,"Singkil, Indonesia",,Indonesia
"M 6.6 - 32 km W of San Juan del Sur, Nicaragua",6.6,6,5,,0,719,us,446,0.0,21.1,mwc,27.0,11.245,-86.172,"San Juan del Sur, Nicaragua",,
"M 7.2 - 153 km W of Big Lagoon, California",7.2,5,4,,0,1318,us,420,0.0,31.4,mwc,16.0,41.292,-125.953,"Big Lagoon, California",,
"M 7.8 - 102 km ENE of Iquique, Chile",7.8,8,7,,0,1020,us,714,0.0,16.1,mwb,115.6,-19.987,-69.197,"Iquique, Chile",South America,Chile
"M 6.9 - 89 km WSW of Singkil, Indonesia",6.9,5,7,,0,740,us,635,0.0,26.0,mwc,30.0,1.989,97.041,"Singkil, Indonesia",,Indonesia
"M 6.7 - 125 km SW of Padangsidempuan, Indonesia",6.7,6,5,,0,731,us,695,0.0,20.9,mwb,34.0,0.587,98.459,"Padangsidempuan, Indonesia",,Indonesia
"M 6.5 - 106 km SW of Padang, Indonesia",6.5,3,6,,0,657,us,478,0.0,21.2,mwc,30.0,-1.714,99.779,"Padang, Indonesia",,Indonesia
"M 6.7 - 113 km SW of Padang, Indonesia",6.7,5,6,,0,717,us,656,0.0,21.2,mwc,19.0,-1.644,99.607,"Padang, Indonesia",,Indonesia
"M 8.6 - 78 km WSW of Singkil, Indonesia",8.6,0,8,,0,1138,official,510,0.0,22.1,mww,30.0,2.085,97.108,"Singkil, Indonesia",,Indonesia
"M 6.6 - 28 km NNW of Maebaru-ch??, Japan",6.6,8,7,,0,805,us,401,0.0,22.9,mwc,10.0,33.807,130.131,"Maebaru-ch??, Japan",Asia,Japan
M 7.1 - Banda Sea,7.1,0,5,,0,776,us,569,0.0,18.1,mwb,201.7,-6.527,129.933,Banda Sea,,Indonesia
"M 6.8 - 99 km WNW of Sinabang, Indonesia",6.8,0,6,,0,711,us,444,0.0,33.8,mwb,36.0,2.908,95.592,"Sinabang, Indonesia",,Indonesia
"M 6.5 - 81 km SSW of Katabu, Indonesia",6.5,0,7,,0,650,us,371,0.0,31.8,mwb,10.0,-5.562,122.129,"Katabu, Indonesia",,Indonesia
"M 6.5 - Pulau-Pulau Talaud, Indonesia",6.5,3,5,,0,652,us,286,0.0,47.3,mwc,39.7,4.756,126.421,"Pulau-Pulau Talaud, Indonesia",,Indonesia
"M 6.7 - 52 km SW of Sola, Vanuatu",6.7,0,4,,0,691,us,457,0.0,30.2,mwb,206.3,-14.252,167.259,"Sola, Vanuatu",,Vanuatu
"M 7.1 - 138 km SW of Palimbang, Philippines",7.1,7,3,,0,782,us,640,0.0,26.4,mwc,525.0,5.293,123.337,"Palimbang, Philippines",,
"M 6.6 - 161 km SE of Katsuura, Japan",6.6,6,4,,0,676,us,225,0.0,78.5,mwc,27.8,34.064,141.491,"Katsuura, Japan",,
"M 6.6 - Nicobar Islands, India region",6.6,0,5,,0,670,us,353,0.0,31.9,mwc,16.1,8.879,92.375,"Nicobar Islands, India region",,
"M 7.2 - 284 km WNW of Sabang, Indonesia",7.2,5,6,,0,802,us,385,0.0,27.9,mwc,39.2,6.91,92.958,"Sabang, Indonesia",,
M 9.1 - 2004 Sumatra - Andaman Islands Earthquake,9.1,0,8,,0,1274,official,601,0.0,22.0,mw,30.0,3.295,95.982,2004 Sumatra - Andaman Islands Earthquake,,Indonesia
M 8.1 - north of Macquarie Island,8.1,0,5,,0,1009,us,331,0.0,59.3,mwc,10.0,-49.312,161.345,Macquarie Island,,
"M 6.8 - 36 km S of George Town, Cayman Islands",6.8,5,6,,0,858,us,639,0.0,21.8,mwb,10.0,18.958,-81.409,"George Town, Cayman Islands",,
"M 6.8 - 54 km SSW of Nemuro, Japan",6.8,4,7,,0,724,us,759,0.0,23.6,mwb,35.0,42.9,145.228,"Nemuro, Japan",Asia,Japan
"M 7.0 - 51 km SW of Nemuro, Japan",7.0,4,7,,0,771,us,929,0.0,23.9,mwb,39.0,43.006,145.119,"Nemuro, Japan",Asia,Japan
"M 7.1 - 29 km SSW of Nabire, Indonesia",7.1,0,7,,0,776,us,439,0.0,28.8,mwc,10.0,-3.609,135.404,"Nabire, Indonesia",,Indonesia
"M 7.1 - 255 km W of Riverton, New Zealand",7.1,5,5,,0,782,us,585,0.0,14.7,mwc,10.0,-46.676,164.721,"Riverton, New Zealand",,
"M 7.2 - 32 km SSW of Pizarro, Colombia",7.2,8,8,,0,820,us,708,0.0,50.2,mwb,15.0,4.695,-77.508,"Pizarro, Colombia",,Colombia
"M 7.5 - 63 km NW of Maubara, Timor Leste",7.5,5,7,,0,870,us,301,0.0,33.8,mwc,10.0,-8.152,124.868,"Maubara, Timor Leste",,Indonesia
"M 6.7 - 80 km SSE of Kirakira, Solomon Islands",6.7,0,6,,0,691,us,233,0.0,21.5,mwb,10.0,-11.128,162.208,"Kirakira, Solomon Islands",,
"M 6.7 - 189 km SW of Port McNeill, Canada",6.7,7,4,,0,703,us,459,0.0,37.3,mwb,10.0,49.277,-128.772,"Port McNeill, Canada",,
"M 6.6 - 8 km SSW of Ojiya, Japan",6.6,0,8,,0,670,us,782,0.0,37.0,mwc,16.0,37.226,138.779,"Ojiya, Japan",Asia,Japan
"M 6.7 - 31 km WNW of Yonakuni, Japan",6.7,5,6,,0,705,us,698,0.0,24.7,mwb,94.0,24.53,122.694,"Yonakuni, Japan",,
"M 7.0 - 43 km SSW of Masachapa, Nicaragua",7.0,0,6,,0,754,us,441,0.0,32.2,mwc,35.0,11.422,-86.665,"Masachapa, Nicaragua",,
"M 6.5 - 9 km W of Talisay, Philippines",6.5,5,5,,0,665,us,526,0.0,18.3,mwb,105.0,13.925,120.534,"Talisay, Philippines",,Philippines
"M 6.8 - 60 km SSE of Kirakira, Solomon Islands",6.8,0,6,,0,711,us,545,0.0,15.7,mwb,36.0,-10.951,162.161,"Kirakira, Solomon Islands",,Solomon Islands
"M 6.6 - 129 km ESE of Shing?, Japan",6.6,0,4,,0,670,us,478,0.0,29.8,mwc,10.0,33.205,137.227,"Shing?, Japan",,
"M 7.4 - 118 km ESE of Shing?, Japan",7.4,0,5,,0,842,us,594,0.0,27.5,mwb,10.0,33.184,137.071,"Shing?, Japan",,
"M 7.2 - 94 km SE of Shing?, Japan",7.2,0,5,,0,798,us,643,0.0,28.4,mwc,14.0,33.07,136.618,"Shing?, Japan",,
"M 6.5 - 67 km ESE of Teno, Chile",6.5,0,7,,0,650,us,349,0.0,30.1,mwb,5.0,-35.173,-70.525,"Teno, Chile",South America,Chile
"M 6.5 - 117 km WNW of Manokwari, Indonesia",6.5,0,7,,0,650,us,305,0.0,39.0,mwc,13.4,-0.443,133.091,"Manokwari, Indonesia",,Indonesia
"M 6.9 - 24 km ENE of Atlasovo, Russia",6.9,0,5,,0,732,us,798,0.0,31.2,mwb,188.6,55.682,160.003,"Atlasovo, Russia",Asia,Russia
"M 6.6 - 11 km N of Cañete, Chile",6.6,0,7,,0,670,us,282,0.0,46.9,mwb,21.0,-37.695,-73.406,"Cañete, Chile",South America,Chile
"M 6.7 - 105 km WNW of Naisano Dua, Indonesia",6.7,0,5,,0,691,us,386,0.0,27.6,mwb,65.8,-9.362,122.839,"Naisano Dua, Indonesia",,Indonesia
"M 6.5 - 86 km NNW of Sola, Vanuatu",6.5,0,4,,0,650,us,424,0.0,29.9,mwb,228.4,-13.174,167.198,"Sola, Vanuatu",,Vanuatu
M 6.6 - Afghanistan-Tajikistan-Pakistan region,6.6,0,4,,0,670,us,728,0.0,18.3,mwb,187.1,36.512,71.029,Afghanistan-Tajikistan-Pakistan region,Asia,Afghanistan
"M 6.7 - 38 km SSW of Nabire, Indonesia",6.7,0,7,,0,691,us,256,0.0,33.3,mwc,25.7,-3.665,135.339,"Nabire, Indonesia",,Indonesia
"M 7.3 - Near the south coast of Papua, Indonesia",7.3,0,7,,0,820,us,390,0.0,23.0,mwb,10.0,-4.003,135.023,"Papua, Indonesia",,Indonesia
"M 7.0 - 28 km S of Nabire, Indonesia",7.0,0,7,,0,754,us,367,0.0,33.0,mwc,16.6,-3.615,135.538,"Nabire, Indonesia",,Indonesia
"M 6.7 - 107 km NW of Ambon, Indonesia",6.7,0,6,,0,691,us,243,0.0,42.5,mwb,17.4,-3.12,127.4,"Ambon, Indonesia",,Indonesia
"M 7.3 - 201 km ESE of Tadine, New Caledonia",7.3,0,4,,0,820,us,235,0.0,46.6,mwc,10.0,-22.015,169.766,"Tadine, New Caledonia",,
"M 6.6 - 13 km SSW of Bam, Iran",6.6,0,9,,0,670,us,552,0.0,44.8,mwc,10.0,28.995,58.311,"Bam, Iran",Asia,Iran
"M 6.5 - 3 km SSE of Progreso, Panama",6.5,0,6,,0,650,us,405,0.0,48.4,mwb,33.0,8.416,-82.824,"Progreso, Panama",,Panama
"M 6.5 - 10 km NE of San Simeon, California",6.5,7,9,,0,1390,nc,65,0.04685,71.0,mw,8.382,35.7005,-121.101,"San Simeon, California",North America,United States of America
"M 6.8 - 92 km E of Yujing, Taiwan",6.8,0,7,,0,711,us,447,0.0,27.7,mwb,10.0,23.039,121.362,"Yujing, Taiwan",Asia,Taiwan
"M 6.6 - 82 km E of Kimbe, Papua New Guinea",6.6,0,6,,0,670,us,384,0.0,25.1,mwb,35.0,-5.581,150.88,"Kimbe, Papua New Guinea",,Papua New Guinea
"M 6.5 - 4 km NW of Can-Avid, Philippines",6.5,0,6,,0,650,us,487,0.0,45.9,mwb,35.0,12.025,125.416,"Can-Avid, Philippines",,Philippines
"M 6.6 - 51 km NW of Isangel, Vanuatu",6.6,0,5,,0,670,us,475,0.0,26.2,mwb,113.7,-19.262,168.892,"Isangel, Vanuatu",,
"M 7.0 - 133 km ESE of Ishinomaki, Japan",7.0,0,5,,0,754,us,568,0.0,61.2,mwb,10.0,37.812,142.619,"Ishinomaki, Japan",,
"M 6.7 - 39 km SSE of Kushiro, Japan",6.7,0,6,,0,691,us,556,0.0,55.4,mwc,32.0,42.648,144.57,"Kushiro, Japan",Asia,
"M 6.7 - 9 km S of Aktash, Russia",6.7,0,7,,0,691,us,643,0.0,24.5,mwb,10.0,50.211,87.721,"Aktash, Russia",Asia,Russia
"M 6.5 - 58 km S of Kushiro, Japan",6.5,0,5,,0,650,us,586,0.0,71.3,mwc,25.0,42.45,144.38,"Kushiro, Japan",,
"M 7.3 - 29 km S of Aktash, Russia",7.3,0,7,,0,820,us,667,0.0,24.5,mwb,16.0,50.038,87.813,"Aktash, Russia",Asia,Russia
"M 7.4 - 119 km ESE of Shizunai-furukawach?, Japan",7.4,0,7,,0,842,us,514,0.0,78.8,mwc,33.0,41.774,143.593,"Shizunai-furukawach?, Japan",Asia,
"M 8.2 - 134 km SSW of Kushiro, Japan",8.16,0,9,,0,1024,official,0,0.0,0.0,mww,27.0,41.815,143.91,"Kushiro, Japan",,
"M 6.6 - 16 km SE of Taungdwingyi, Myanmar",6.6,0,7,,0,670,us,518,0.0,24.7,mwb,10.0,19.917,95.672,"Taungdwingyi, Myanmar",Asia,Myanmar
"M 7.2 - 56 km NW of Te Anau, New Zealand",7.2,0,7,,0,798,us,428,0.0,17.5,mwc,28.0,-45.104,167.144,"Te Anau, New Zealand",,New Zealand
M 7.6 - Scotia Sea,7.6,0,6,,0,889,us,315,0.0,25.2,mwc,10.0,-60.532,-43.411,Scotia Sea,,United Kingdom of Great Britain and Northern Ireland (the)
"M 6.5 - 41 km N of Rabaul, Papua New Guinea",6.5,0,6,,0,650,us,156,0.0,31.4,mwb,33.0,-3.828,152.174,"Rabaul, Papua New Guinea",,Papua New Guinea
"M 6.8 - 42 km W of Ovalle, Chile",6.8,0,7,,0,711,us,398,0.0,39.1,mwc,33.0,-30.608,-71.637,"Ovalle, Chile",South America,Chile
"M 6.9 - 25 km ESE of Atlasovo, Russia",6.9,0,5,,0,732,us,733,0.0,26.7,mwb,174.8,55.492,159.999,"Atlasovo, Russia",Asia,Russia
"M 6.6 - 87 km SSE of Kokopo, Papua New Guinea",6.6,0,6,,0,670,us,419,0.0,27.8,mwc,33.0,-5.095,152.502,"Kokopo, Papua New Guinea",,Papua New Guinea
"M 7.0 - 116 km NE of Tobelo, Indonesia",7.0,0,6,,0,754,us,473,0.0,30.3,mwc,31.0,2.354,128.855,"Tobelo, Indonesia",,Indonesia
"M 7.0 - 27 km SSW of ?funato, Japan",7.0,0,7,,0,754,us,690,0.0,19.1,mwb,68.0,38.849,141.568,"?funato, Japan",Asia,Japan
"M 6.8 - 25 km WNW of Dellys, Algeria",6.8,0,9,,0,711,us,534,0.0,19.4,mwc,12.0,36.964,3.634,"Dellys, Algeria",,Algeria
"M 6.5 - 46 km NE of Ruteng, Indonesia",6.5,0,7,,0,650,us,247,0.0,28.7,mwc,33.0,-8.294,120.743,"Ruteng, Indonesia",,Indonesia
"M 6.8 - 114 km ESE of Kokopo, Papua New Guinea",6.8,0,7,,0,711,us,431,0.0,38.4,mwc,40.2,-4.694,153.238,"Kokopo, Papua New Guinea",,Papua New Guinea
"M 7.6 - 16 km SSW of Cuyutlán, Mexico",7.6,0,7,,0,889,us,551,0.0,0.0,mwb,24.0,18.77,-104.104,"Cuyutlán, Mexico",North America,Mexico
"M 6.5 - 33 km S of Puerto San José, Guatemala",6.5,0,6,,0,650,us,316,0.0,0.0,mwc,24.0,13.626,-90.774,"Puerto San José, Guatemala",,
"M 7.3 - 126 km W of Kirakira, Solomon Islands",7.3,0,6,,0,820,us,457,0.0,0.0,mwc,33.0,-10.491,160.77,"Kirakira, Solomon Islands",,
"M 6.7 - 191 km SE of Kokopo, Papua New Guinea",6.7,0,5,,0,691,us,323,0.0,0.0,mwb,71.9,-5.311,153.701,"Kokopo, Papua New Guinea",,
"M 6.7 - New Ireland region, Papua New Guinea",6.7,0,6,,0,691,us,453,0.0,0.0,mwb,34.0,-4.786,153.275,"New Ireland region, Papua New Guinea",,Papua New Guinea
"M 7.9 - 75 km E of Cantwell, Alaska",7.9,8,9,,0,1750,ak,0,0.0,0.0,mw,4.2,63.5141,-147.453,"Cantwell, Alaska",North America,United States of America
"M 7.4 - 50 km NW of Sinabang, Indonesia",7.4,0,7,,0,842,us,418,0.0,0.0,mwb,30.0,2.824,96.085,"Sinabang, Indonesia",,Indonesia
"M 6.6 - 53 km ENE of Cantwell, Alaska",6.6,0,7,,0,670,ak,0,0.0,0.0,mw,4.2,63.5144,-147.912,"Cantwell, Alaska",North America,United States of America
"M 6.7 - 72 km S of Manokwari, Indonesia",6.7,0,7,,0,691,us,250,0.0,0.0,ms,10.0,-1.511,133.973,"Manokwari, Indonesia",,Indonesia
"M 7.6 - 102 km SSE of Manokwari, Indonesia",7.6,0,7,,0,889,us,375,0.0,0.0,mwc,10.0,-1.757,134.297,"Manokwari, Indonesia",,Indonesia
"M 6.5 - 152 km NNE of Bamboo Flat, India",6.5,0,6,,0,650,us,646,0.0,0.0,mwc,21.0,13.036,93.068,"Bamboo Flat, India",,India
"M 7.6 - 68 km ESE of Aitape, Papua New Guinea",7.6,0,7,,0,889,us,428,0.0,0.0,mwc,13.0,-3.302,142.945,"Aitape, Papua New Guinea",,Papua New Guinea
"M 6.5 - 114 km SSE of San Jose Village, Northern Mariana Islands",6.5,0,4,,0,650,us,260,0.0,0.0,mwc,30.0,14.101,146.199,"San Jose Village, Northern Mariana Islands",,
"M 6.5 - 14 km SE of Punta de Burica, Panama",6.5,0,7,,0,650,us,533,0.0,0.0,mwc,10.0,7.929,-82.793,"Punta de Burica, Panama",,Panama
"M 6.5 - 59 km SSW of Abhar, Iran",6.5,0,8,,0,650,us,555,0.0,0.0,mwc,10.0,35.626,49.047,"Abhar, Iran",Asia,Iran
"M 6.6 - 20 km SW of Monte Patria, Chile",6.6,0,7,,0,670,us,420,0.0,0.0,mwb,54.0,-30.805,-71.124,"Monte Patria, Chile",South America,Chile
"M 6.7 - 190 km NW of Sola, Vanuatu",6.7,0,5,,0,691,us,272,0.0,0.0,mwc,33.0,-12.592,166.383,"Sola, Vanuatu",,
"M 7.1 - 20 km SSW of Merizo Village, Guam",7.1,0,7,,0,776,us,257,0.0,0.0,mwc,85.7,13.088,144.619,"Merizo Village, Guam",,United States of America
"M 6.7 - 31 km SW of Copiapó, Chile",6.7,0,7,,0,691,us,462,0.0,0.0,mwb,62.0,-27.535,-70.586,"Copiapó, Chile",South America,Chile
"M 6.8 - 27 km SSW of Nuxco, Mexico",6.8,0,6,,0,711,us,292,0.0,0.0,mwc,24.9,16.985,-100.865,"Nuxco, Mexico",North America,
"M 7.1 - 67 km ENE of Hualien City, Taiwan",7.1,0,6,,0,776,us,550,0.0,0.0,mwc,32.8,24.279,122.179,"Hualien City, Taiwan",Asia,
"M 6.5 - 107 km NE of Calama, Chile",6.5,0,5,,0,650,us,486,0.0,0.0,mwc,125.1,-21.663,-68.329,"Calama, Chile",South America,Chile
"M 7.5 - Mindanao, Philippines",7.5,0,7,,0,865,us,321,0.0,0.0,mwc,31.0,6.033,124.249,"Mindanao, Philippines",,Philippines
"M 7.4 - 51 km SW of Jurm, Afghanistan",7.4,0,5,,0,842,us,138,0.0,0.0,mwc,225.6,36.502,70.482,"Jurm, Afghanistan",Asia,Afghanistan
"M 6.6 - 125 km E of Kimbe, Papua New Guinea",6.6,0,6,,0,670,us,444,0.0,0.0,mwc,39.0,-5.345,151.248,"Kimbe, Papua New Guinea",,Papua New Guinea
"M 6.5 - 5 km NE of Sultanda??, Turkey",6.5,0,7,,0,650,us,482,0.0,0.0,mwc,5.0,38.573,31.271,"Sultanda??, Turkey",Asia,Turkey
"M 6.7 - 11 km SE of Aitape, Papua New Guinea",6.7,0,8,,0,691,us,333,0.0,0.0,mwc,11.0,-3.212,142.427,"Aitape, Papua New Guinea",,Papua New Guinea
"M 6.6 - 33 km WNW of Port-Vila, Vanuatu",6.6,0,6,,0,670,us,386,0.0,0.0,mwc,10.0,-17.664,168.004,"Port-Vila, Vanuatu",,Vanuatu
"M 7.2 - 50 km WNW of Port-Vila, Vanuatu",7.2,0,6,,0,798,us,427,0.0,0.0,mwc,21.0,-17.6,167.856,"Port-Vila, Vanuatu",,Vanuatu
"M 6.8 - 22 km WNW of Malango, Solomon Islands",6.8,0,7,,0,711,us,385,0.0,0.0,mwc,16.0,-9.613,159.53,"Malango, Solomon Islands",,Solomon Islands
"M 6.8 - 62 km SSW of Yonakuni, Japan",6.8,0,5,,0,711,us,499,0.0,0.0,mwc,14.0,23.954,122.734,"Yonakuni, Japan",,
"M 6.5 - 3 km NW of Hanamaki, Japan",6.5,0,5,,0,650,us,605,0.0,0.0,mwc,123.8,39.402,141.089,"Hanamaki, Japan",Asia,Japan
"M 7.8 - Southern Qinghai, China",7.8,0,9,,0,936,us,368,0.0,0.0,mwc,10.0,35.946,90.541,"Southern Qinghai, China",Asia,People's Republic of China
"M 7.0 - 40 km S of Kimbe, Papua New Guinea",7.0,0,7,,0,754,us,254,0.0,0.0,mwc,33.0,-5.912,150.196,"Kimbe, Papua New Guinea",,Papua New Guinea
"M 7.5 - 155 km E of Kendari, Indonesia",7.5,0,6,,0,865,us,234,0.0,0.0,mwc,33.0,-4.102,123.907,"Kendari, Indonesia",,Indonesia
"M 7.0 - 69 km SSE of Inarajan Village, Guam",7.0,0,6,,0,754,us,482,0.0,0.0,mwc,37.0,12.686,144.98,"Inarajan Village, Guam",,
"M 6.5 - 108 km WNW of Manokwari, Indonesia",6.5,0,6,,0,650,us,174,0.0,0.0,mwc,33.0,-0.578,133.13,"Manokwari, Indonesia",,Indonesia
"M 6.6 - 74 km S of Kokhanok, Alaska",6.6,6,6,,0,754,ak,0,0.0,0.0,mw,131.8,58.775,-154.701,"Kokhanok, Alaska",North America,United States of America
"M 6.5 - 32 km WNW of Skýros, Greece",6.5,0,8,,0,650,us,483,0.0,0.0,mwc,10.0,39.059,24.244,"Skýros, Greece",Europe,Greece
"M 7.6 - 51 km SW of Punta de Bombón, Peru",7.6,0,7,,0,889,us,398,0.0,0.0,mwc,33.0,-17.543,-72.077,"Punta de Bombón, Peru",,Peru
"M 6.6 - 31 km S of Achanizo, Peru",6.6,0,7,,0,670,us,324,0.0,0.0,mwc,62.0,-16.086,-73.987,"Achanizo, Peru",,Peru
"M 6.7 - 34 km WSW of Pacocha, Peru",6.7,0,6,,0,691,us,422,0.0,0.0,mwc,24.0,-17.745,-71.649,"Pacocha, Peru",,Peru
"M 8.4 - 6 km SSW of Atico, Peru",8.4,0,8,,0,1086,official,518,0.0,0.0,mww,33.0,-16.265,-73.641,"Atico, Peru",,Peru
"M 6.7 - 128 km SSE of Panguna, Papua New Guinea",6.7,0,6,,0,691,us,282,0.0,0.0,mwc,17.0,-7.41,155.865,"Panguna, Papua New Guinea",,Solomon Islands
"M 6.8 - 16 km SSW of Kure, Japan",6.8,0,7,,0,711,us,596,0.0,0.0,mwc,50.0,34.083,132.526,"Kure, Japan",Asia,Japan
"M 6.5 - 41 km SSW of Ambon, Indonesia",6.5,0,6,,0,650,us,206,0.0,0.0,mwc,33.0,-4.029,128.02,"Ambon, Indonesia",,Indonesia
"M 6.8 - 7 km SSE of Longbranch, Washington",6.8,7,7,,0,1441,uw,67,0.0,31.0,md,51.798,47.149,-122.727,"Longbranch, Washington",North America,United States of America
"M 7.1 - 137 km WNW of Ternate, Indonesia",7.1,0,7,,0,776,us,426,0.0,0.0,mwc,35.0,1.271,126.249,"Ternate, Indonesia",,Indonesia
"M 7.4 - 102 km SSE of Bengkulu, Indonesia",7.4,0,6,,0,842,us,221,0.0,0.0,mwc,36.0,-4.68,102.562,"Bengkulu, Indonesia",,Indonesia
"M 6.6 - 5 km S of Cojutepeque, El Salvador",6.6,0,8,,0,670,us,273,0.0,0.0,mwc,10.0,13.671,-88.938,"Cojutepeque, El Salvador",,El Salvador
"M 7.7 - 17 km NW of Bhach?u, India",7.7,0,9,,0,912,us,472,0.0,0.0,mwc,16.0,23.419,70.232,"Bhach?u, India",Asia,India
"M 6.9 - 59 km WSW of Bengkulu, Indonesia",6.9,0,6,,0,732,us,117,0.0,0.0,mwb,28.0,-4.022,101.776,"Bengkulu, Indonesia",,Indonesia
"M 7.7 - 28 km SSW of Puerto El Triunfo, El Salvador",7.7,0,8,,0,912,us,427,0.0,0.0,mwc,60.0,13.049,-88.66,"Puerto El Triunfo, El Salvador",,
"M 6.9 - 47 km S of Old Harbor, Alaska",6.9,5,7,,0,745,ak,0,0.0,0.0,mw,36.4,56.7744,-153.281,"Old Harbor, Alaska",North America,
"M 7.1 - 16 km NE of Port-Olry, Vanuatu",7.1,0,7,,0,776,us,372,0.0,0.0,mwb,103.0,-14.928,167.17,"Port-Olry, Vanuatu",,Vanuatu
"M 6.8 - Mindanao, Philippines",6.8,0,5,,0,711,us,64,0.0,0.0,mwc,33.0,6.631,126.899,"Mindanao, Philippines",,
"M 7.5 - 21 km SE of Lukatan, Philippines",7.5,0,7,,0,865,us,324,0.0,0.0,mwc,33.0,6.898,126.579,"Lukatan, Philippines",,Philippines
"M 6.5 - 52 km ENE of Kokopo, Papua New Guinea",6.5,0,7,,0,650,us,401,0.0,0.0,mwc,31.0,-4.218,152.725,"Kokopo, Papua New Guinea",,Papua New Guinea
"M 7.0 - 37 km E of Balkanabat, Turkmenistan",7.0,0,7,,0,754,us,495,0.0,0.0,mwc,30.0,39.566,54.799,"Balkanabat, Turkmenistan",Asia,Turkmenistan
"M 6.5 - 23 km SSE of Badamdar, Azerbaijan",6.5,0,6,,0,650,us,268,0.0,0.0,mwc,33.0,40.167,49.954,"Badamdar, Azerbaijan",Asia,Azerbaijan
"M 6.8 - 15 km SSE of Baku, Azerbaijan",6.8,0,6,,0,711,us,446,0.0,0.0,mwc,50.4,40.245,49.946,"Baku, Azerbaijan",Asia,Azerbaijan
"M 6.8 - 112 km SSW of Kokopo, Papua New Guinea",6.8,0,6,,0,711,us,402,0.0,0.0,mwb,33.0,-5.228,151.771,"Kokopo, Papua New Guinea",,Papua New Guinea
"M 6.6 - 131 km SE of Kokopo, Papua New Guinea",6.6,0,6,,0,670,us,267,0.0,0.0,mwc,33.0,-5.097,153.181,"Kokopo, Papua New Guinea",,Papua New Guinea
"M 7.8 - 138 km SSW of Kokopo, Papua New Guinea",7.8,0,7,,0,936,us,346,0.0,0.0,mwc,33.0,-5.496,151.781,"Kokopo, Papua New Guinea",,Papua New Guinea
"M 6.5 - 118 km ESE of Kokopo, Papua New Guinea",6.5,0,6,,0,650,us,71,0.0,0.0,mb,33.0,-4.827,153.226,"Kokopo, Papua New Guinea",,Papua New Guinea
"M 7.8 - 135 km SE of Kokopo, Papua New Guinea",7.8,0,7,,0,936,us,294,0.0,0.0,mwc,30.0,-5.233,153.102,"Kokopo, Papua New Guinea",,
"M 8.0 - 24 km N of Rabaul, Papua New Guinea",8.0,0,7,,0,985,us,254,0.0,0.0,mwc,33.0,-3.98,152.169,"Rabaul, Papua New Guinea",,Papua New Guinea
"M 6.5 - 10 km SW of Juradó, Colombia",6.5,0,7,,0,650,us,462,0.0,0.0,mwc,17.0,7.042,-77.829,"Juradó, Colombia",,Colombia
"M 7.0 - 191 km ESE of Kokopo, Papua New Guinea",7.0,0,7,,0,754,us,60,0.0,0.0,mwc,50.0,-4.766,153.945,"Kokopo, Papua New Guinea",,Papua New Guinea
"M 6.8 - 29 km SW of Labuan, Indonesia",6.8,0,6,,0,711,us,415,0.0,0.0,mwc,38.0,-6.549,105.63,"Labuan, Indonesia",,Indonesia
"M 6.7 - 8 km ESE of Matsue, Japan",6.7,0,8,,0,691,us,390,0.0,0.0,mwc,10.0,35.456,133.134,"Matsue, Japan",Asia,Japan
"M 7.0 - 29 km WNW of Luganville, Vanuatu",7.0,0,7,,0,754,us,357,0.0,0.0,mwc,23.0,-15.421,166.91,"Luganville, Vanuatu",,Vanuatu
"M 6.5 - 15 km W of Nkove, Tanzania",6.5,0,6,,0,650,us,415,0.0,0.0,mwb,34.0,-7.977,30.709,"Nkove, Tanzania",Africa,Tanzania
"M 6.8 - 98 km WSW of Ambon, Indonesia",6.8,0,6,,0,711,us,336,0.0,0.0,mwc,16.0,-4.11,127.394,"Ambon, Indonesia",,Indonesia
"M 6.5 - 24 km NNW of El Habillal, Mexico",6.5,0,6,,0,650,us,481,0.0,0.0,mwc,45.8,18.198,-102.48,"El Habillal, Mexico",North America,Mexico
"M 6.8 - 35 km SSE of Uglegorsk, Russia",6.8,0,7,,0,711,us,593,0.0,0.0,mwc,10.0,48.786,142.246,"Uglegorsk, Russia",Asia,Russia
"M 6.6 - 161 km SSE of Lata, Solomon Islands",6.6,0,6,,0,670,us,218,0.0,0.0,mwc,33.0,-12.037,166.448,"Lata, Solomon Islands",,
"M 6.5 - 94 km SSE of Shimoda, Japan",6.5,0,7,,0,650,us,428,0.0,0.0,mwc,10.0,33.901,139.376,"Shimoda, Japan",,Japan
"M 6.6 - 227 km SE of Kandrian, Papua New Guinea",6.6,0,5,,0,670,us,367,0.0,0.0,mwc,10.0,-7.747,150.917,"Kandrian, Papua New Guinea",,
"M 6.5 - 24 km SSW of Larsen Bay, Alaska",6.5,0,6,,0,650,ak,0,0.0,0.0,mw,42.9,57.3546,-154.198,"Larsen Bay, Alaska",North America,United States of America
"M 6.5 - 12 km ENE of Selfoss, Iceland",6.5,0,9,,0,650,us,351,0.0,0.0,mwc,10.0,63.98,-20.758,"Selfoss, Iceland",,Iceland
M 7.9 - South Indian Ocean,7.9,0,5,,0,960,us,405,0.0,0.0,mwc,10.0,-13.802,97.453,South Indian Ocean,,
"M 6.5 - 25 km E of Selfoss, Iceland",6.5,0,8,,0,650,us,406,0.0,0.0,mwc,10.0,63.966,-20.487,"Selfoss, Iceland",,Iceland
"M 6.7 - 98 km SSW of Bengkulu, Indonesia",6.7,0,5,,0,691,us,352,0.0,0.0,mwc,33.0,-4.612,101.905,"Bengkulu, Indonesia",,Indonesia
"M 6.7 - 95 km S of Bengkulu, Indonesia",6.7,0,5,,0,691,us,147,0.0,0.0,mb,33.0,-4.646,102.102,"Bengkulu, Indonesia",,Indonesia
"M 7.9 - 103 km S of Bengkulu, Indonesia",7.9,0,8,,0,960,us,379,0.0,0.0,mwc,33.0,-4.721,102.087,"Bengkulu, Indonesia",,Indonesia
"M 7.2 - 75 km N of San Antonio de los Cobres, Argentina",7.2,0,5,,0,798,us,0,0.0,0.0,mwc,225.0,-23.548,-66.452,"San Antonio de los Cobres, Argentina",South America,Argentina
"M 7.6 - 89 km E of Luwuk, Indonesia",7.6,0,7,,0,889,us,0,0.0,0.0,mwc,26.0,-1.105,123.573,"Luwuk, Indonesia",,Indonesia
"M 6.6 - 62 km SSW of Ialibu, Papua New Guinea",6.6,0,8,,0,670,us,0,0.0,0.0,mwc,10.0,-6.817,143.807,"Ialibu, Papua New Guinea",,Papua New Guinea
"M 6.6 - 87 km ESE of Kimbe, Papua New Guinea",6.6,0,6,,0,670,us,0,0.0,0.0,mwc,33.0,-5.844,150.876,"Kimbe, Papua New Guinea",,Papua New Guinea
"M 6.8 - 84 km S of Shikotan, Russia",6.8,0,6,,0,711,us,0,0.0,0.0,mwc,61.1,43.046,146.837,"Shikotan, Russia",,
"M 7.2 - 117 km SSW of Hihifo, Tonga",7.2,0,6,,0,798,us,0,0.0,0.0,mwc,183.4,-16.925,-174.248,"Hihifo, Tonga",,
"M 6.9 - 50 km WSW of Lata, Solomon Islands",6.9,0,6,,0,732,us,0,0.0,0.0,mwb,33.0,-10.86,165.354,"Lata, Solomon Islands",,
"M 6.5 - 59 km SSW of Labuan, Indonesia",6.5,0,6,,0,650,us,0,0.0,0.0,mwb,56.0,-6.845,105.555,"Labuan, Indonesia",,Indonesia
"M 7.3 - 14 km WNW of Bolitoc, Philippines",7.3,0,7,,0,820,us,0,0.0,0.0,mwc,33.0,15.766,119.74,"Bolitoc, Philippines",,Philippines
"M 7.0 - 26 km SSE of Karluk, Alaska",7.0,0,7,,0,754,ak,0,0.0,0.0,mw,43.6,57.3424,-154.347,"Karluk, Alaska",North America,United States of America
"M 6.6 - 127 km ESE of Arica, Chile",6.6,0,5,,0,670,us,0,0.0,0.0,mwb,128.1,-18.901,-69.171,"Arica, Chile",South America,Chile
"M 7.5 - 92 km ESE of Lakatoro, Vanuatu",7.5,0,7,,0,865,us,0,0.0,0.0,mwc,33.0,-16.423,168.214,"Lakatoro, Vanuatu",,Vanuatu
"M 7.0 - 88 km W of Kandrian, Papua New Guinea",7.0,0,6,,0,754,us,0,0.0,0.0,mwc,33.0,-6.351,148.763,"Kandrian, Papua New Guinea",,Papua New Guinea
"M 6.9 - 84 km WNW of Kandrian, Papua New Guinea",6.9,0,6,,0,732,us,0,0.0,0.0,mwc,47.5,-5.978,148.82,"Kandrian, Papua New Guinea",,Papua New Guinea
"M 7.2 - 8 km S of Düzce, Turkey",7.2,0,9,,0,798,us,0,0.0,0.0,mwc,10.0,40.758,31.161,"Düzce, Turkey",Asia,Turkey
"M 6.5 - 31 km SW of Ashk?sham, Afghanistan",6.5,0,4,,0,650,us,0,0.0,0.0,mwc,228.4,36.522,71.24,"Ashk?sham, Afghanistan",Asia,Afghanistan
"M 7.1 - Hector Mine, CA Earthquake",7.1,8,8,,0,1576,ci,73,0.0,57.0,mw,13.73,34.6033,-116.265,"Hector Mine, CA Earthquake",North America,United States of America
"M 7.5 - 15 km W of San Baltazar Loxicha, Mexico",7.5,0,8,,0,865,us,0,0.0,0.0,mwc,60.6,16.059,-96.931,"San Baltazar Loxicha, Mexico",North America,Mexico
"M 6.5 - 31 km SE of Puli, Taiwan",6.5,0,7,,0,650,us,0,0.0,0.0,mwc,17.0,23.738,121.158,"Puli, Taiwan",Asia,Taiwan
"M 7.7 - 21 km S of Puli, Taiwan",7.7,0,9,,0,912,us,0,0.0,0.0,mwc,33.0,23.772,120.982,"Puli, Taiwan",Asia,Taiwan
"M 6.6 - 66 km E of Lakatoro, Vanuatu",6.6,0,6,,0,670,us,0,0.0,0.0,mwc,33.0,-16.117,168.039,"Lakatoro, Vanuatu",,Vanuatu
"M 6.9 - 42 km S of Quepos, Costa Rica",6.9,0,6,,0,732,us,0,0.0,0.0,mwc,20.0,9.044,-84.159,"Quepos, Costa Rica",,
"M 7.6 - 4 km ESE of Derince, Turkey",7.6,0,9,,0,889,us,0,0.0,0.0,mwc,17.0,40.748,29.864,"Derince, Turkey",Asia,Turkey
"M 6.7 - 16 km N of Potrerillos, Honduras",6.7,0,8,,0,691,us,0,0.0,0.0,mwc,10.0,15.782,-88.33,"Potrerillos, Honduras",,Guatemala
"M 7.0 - 1 km SE of Texcala, Mexico",7.0,0,7,,0,754,us,0,0.0,0.0,mwc,70.0,18.386,-97.436,"Texcala, Mexico",North America,Mexico
"M 6.6 - 113 km SE of Kokopo, Papua New Guinea",6.6,0,5,,0,670,us,0,0.0,0.0,mwc,27.0,-5.165,152.877,"Kokopo, Papua New Guinea",,Papua New Guinea
"M 7.1 - 51 km SSE of Kokopo, Papua New Guinea",7.1,0,7,,0,776,us,0,0.0,0.0,mwc,73.7,-4.751,152.486,"Kokopo, Papua New Guinea",,Papua New Guinea
"M 7.1 - 92 km ENE of Kimbe, Papua New Guinea",7.1,0,7,,0,776,us,0,0.0,0.0,mwb,138.0,-5.159,150.88,"Kimbe, Papua New Guinea",,Papua New Guinea
"M 6.8 - 132 km WSW of Haveluloto, Tonga",6.8,0,5,,0,711,us,0,0.0,0.0,mwc,164.2,-21.422,-176.46,"Haveluloto, Tonga",,
"M 7.4 - 63 km W of Kimbe, Papua New Guinea",7.4,0,7,,0,842,us,0,0.0,0.0,mwc,150.0,-5.591,149.568,"Kimbe, Papua New Guinea",,Papua New Guinea
"M 6.8 - 6 km SE of Camaná, Peru",6.8,0,7,,0,711,us,0,0.0,0.0,mwc,87.2,-16.66,-72.662,"Camaná, Peru",South America,Peru
"M 6.6 - 9 km NNW of P?palkoti, India",6.6,0,7,,0,670,us,0,0.0,0.0,mwb,15.0,30.512,79.403,"P?palkoti, India",Asia,India
"M 6.9 - 78 km WSW of Adak, Alaska",6.9,0,6,,0,732,us,0,0.0,0.0,mwc,33.0,51.587,-177.668,"Adak, Alaska",North America,United States of America
"M 6.9 - 123 km SE of Vilyuchinsk, Russia",6.9,0,5,,0,732,us,0,0.0,0.0,mwc,56.6,52.056,159.52,"Vilyuchinsk, Russia",,
"M 7.1 - 69 km S of Tabiauan, Philippines",7.1,0,6,,0,776,us,0,0.0,0.0,mwc,33.0,5.397,121.937,"Tabiauan, Philippines",,
"M 6.6 - 110 km SSE of K?h Sef?d, Iran",6.6,0,7,,0,670,us,0,0.0,0.0,mwc,33.0,28.343,57.193,"K?h Sef?d, Iran",Asia,Iran
"M 7.3 - 146 km NW of Sola, Vanuatu",7.3,0,7,,0,820,us,0,0.0,0.0,mwc,90.1,-12.853,166.697,"Sola, Vanuatu",,
"M 6.6 - 18 km WSW of Nikolski, Alaska",6.6,0,6,,0,670,us,0,0.0,0.0,mwc,67.2,52.886,-169.123,"Nikolski, Alaska",North America,United States of America
"M 7.0 - 110 km ESE of Kokopo, Papua New Guinea",7.0,0,7,,0,754,us,0,0.0,0.0,mwc,114.1,-4.596,153.235,"Kokopo, Papua New Guinea",,Papua New Guinea
"M 6.8 - 131 km WSW of Haveluloto, Tonga",6.8,0,5,,0,711,us,0,0.0,0.0,mwc,144.3,-21.632,-176.376,"Haveluloto, Tonga",,
"M 7.7 - 264 km ESE of Luwuk, Indonesia",7.7,0,7,,0,912,us,0,0.0,0.0,mwc,33.0,-2.071,124.891,"Luwuk, Indonesia",,Indonesia
"M 7.0 - 278 km NE of Lospalos, Timor Leste",7.0,0,7,,0,754,us,0,0.0,0.0,mwc,33.0,-6.92,128.946,"Lospalos, Timor Leste",,Indonesia
"M 6.7 - 282 km NE of Lospalos, Timor Leste",6.7,0,6,,0,691,us,0,0.0,0.0,mwc,33.0,-6.954,129.022,"Lospalos, Timor Leste",,Indonesia
"M 6.6 - 8 km WSW of Sumberpucung, Indonesia",6.6,0,5,,0,670,us,0,0.0,0.0,mwb,151.6,-8.194,112.413,"Sumberpucung, Indonesia",,Indonesia
"M 6.6 - 66 km NNW of Coquimbo, Chile",6.6,0,6,,0,670,us,0,0.0,0.0,mwc,27.0,-29.45,-71.715,"Coquimbo, Chile",,Chile
"M 6.8 - 123 km SSE of Pondaguitan, Philippines",6.8,0,5,,0,711,us,0,0.0,0.0,mwc,50.0,5.41,126.764,"Pondaguitan, Philippines",,Indonesia
"M 7.2 - 3 km E of Bahía de Caráquez, Ecuador",7.2,0,7,,0,798,us,0,0.0,0.0,mwc,33.0,-0.593,-80.393,"Bahía de Caráquez, Ecuador",South America,Ecuador
"M 6.7 - 192 km W of Abepura, Indonesia",6.7,0,6,,0,691,us,0,0.0,0.0,mwc,33.0,-2.693,138.901,"Abepura, Indonesia",,Indonesia
"M 7.0 - 50 km WNW of Aitape, Papua New Guinea",7.0,0,7,,0,754,us,0,0.0,0.0,mwc,10.0,-2.961,141.926,"Aitape, Papua New Guinea",,Papua New Guinea
"M 7.0 - 52 km SE of Lata, Solomon Islands",7.0,0,7,,0,754,us,0,0.0,0.0,mwc,110.2,-11.04,166.16,"Lata, Solomon Islands",,Solomon Islands
"M 6.6 - 24 km E of Rust?q, Afghanistan",6.6,0,6,,0,670,us,0,0.0,0.0,mwb,33.0,37.106,70.11,"Rust?q, Afghanistan",Asia,Afghanistan
"M 6.6 - 25 km NNW of Mizque, Bolivia",6.6,0,8,,0,670,us,0,0.0,0.0,mwb,24.0,-17.731,-65.431,"Mizque, Bolivia",South America,Bolivia
"M 6.7 - 127 km NNW of Palu, Indonesia",6.7,0,6,,0,691,us,0,0.0,0.0,mwb,33.0,0.207,119.584,"Palu, Indonesia",,Indonesia
"M 6.6 - 108 km SW of Kokopo, Papua New Guinea",6.6,0,6,,0,670,us,0,0.0,0.0,mwc,61.4,-5.147,151.714,"Kokopo, Papua New Guinea",,Papua New Guinea
"M 7.5 - 254 km SSE of Ishigaki, Japan",7.5,0,5,,0,865,us,0,0.0,0.0,mwb,33.0,22.306,125.308,"Ishigaki, Japan",,
"M 6.6 - 43 km NE of San Fernando, Peru",6.6,0,5,,0,670,us,0,0.0,0.0,mwc,164.6,-8.148,-74.238,"San Fernando, Peru",South America,Peru
"M 7.0 - 95 km W of Pariaman, Indonesia",7.0,0,6,,0,754,us,0,0.0,0.0,mwc,55.7,-0.544,99.261,"Pariaman, Indonesia",,Indonesia
"M 6.6 - 52 km ESE of Kerman, Iran",6.6,0,8,,0,670,us,0,0.0,0.0,mwc,9.0,30.154,57.605,"Kerman, Iran",Asia,Iran
"M 7.1 - 34 km SSE of Antofagasta, Chile",7.1,0,7,,0,776,us,0,0.0,0.0,mwc,42.0,-23.913,-70.207,Ant,South America,Chile
"M 6.7 - 149 km ENE of Labasa, Fiji",6.7,0,6,,0,691,us,0,0.0,0.0,mwc,23.4,-15.848,-179.376,"Labasa, Fiji",,Fiji
"M 6.6 - 47 km SSW of Ovalle, Chile",6.6,0,7,,0,670,us,0,0.0,0.0,mwc,34.8,-30.985,-71.41,"Ovalle, Chile",South America,Chile
"M 6.6 - 10 km SSW of San José El Ídolo, Guatemala",6.6,0,6,,0,670,us,0,0.0,0.0,mwc,33.0,14.374,-91.473,"San José El Ídolo, Guatemala",,Guatemala
"M 7.2 - 117 km N of Finschhafen, Papua New Guinea",7.2,0,6,,0,798,us,0,0.0,0.0,mwc,179.3,-5.495,147.867,"Finschhafen, Papua New Guinea",,Papua New Guinea
"M 7.8 - 156 km S of Ust’-Kamchatsk Staryy, Russia",7.8,0,7,,0,936,us,0,0.0,0.0,mwc,33.0,54.841,162.035,"Ust’-Kamchatsk Staryy, Russia",Asia,Russia
"M 7.0 - 97 km NW of Gorontalo, Indonesia",7.0,0,6,,0,754,us,0,0.0,0.0,mwc,24.0,1.241,122.536,"Gorontalo, Indonesia",,Indonesia
"M 6.6 - 22 km SW of Lithakiá, Greece",6.6,0,7,,0,670,us,0,0.0,0.0,mwc,33.0,37.57,20.656,"Lithakiá, Greece",Europe,
"M 7.0 - 34 km ESE of Port-Olry, Vanuatu",7.0,0,6,,0,754,us,0,0.0,0.0,mwc,123.1,-15.145,167.375,"Port-Olry, Vanuatu",,Vanuatu
"M 6.5 - 13 km NNE of San Sebastián, El Salvador",6.5,0,4,,0,650,us,0,0.0,0.0,mwb,176.4,13.849,-88.808,"San Sebastián, El Salvador",,El Salvador
M 7.5 - western Xizang,7.5,0,7,,0,865,us,0,0.0,0.0,mwc,33.0,35.069,87.325,western Xizang,Asia,People's Republic of China
"M 7.2 - 51 km N of Barranca, Peru",7.2,0,7,,0,798,us,0,0.0,0.0,mwc,112.0,-4.368,-76.681,"Barranca, Peru",South America,Peru
"M 7.1 - 36 km SW of Monte Patria, Chile",7.1,0,7,,0,776,us,0,0.0,0.0,mwc,58.0,-30.933,-71.22,"Monte Patria, Chile",South America,Chile
"M 7.8 - 192 km WSW of Haveluloto, Tonga",7.8,0,7,,0,936,us,0,0.0,0.0,mwb,167.3,-22.101,-176.772,"Haveluloto, Tonga",,
"M 6.5 - 18 km E of Talisay, Philippines",6.5,0,5,,0,650,us,0,0.0,0.0,mwb,105.6,9.79,125.779,"Talisay, Philippines",,Philippines
"M 6.8 - 24 km SW of Roncesvalles, Colombia",6.8,0,5,,0,711,us,0,0.0,0.0,mwb,198.7,3.849,-75.749,"Roncesvalles, Colombia",South America,Colombia
"M 6.6 - 64 km NNE of Angoram, Papua New Guinea",6.6,0,6,,0,670,us,0,0.0,0.0,mwc,22.8,-3.562,144.362,"Angoram, Papua New Guinea",,Papua New Guinea
"M 6.9 - 4 km ENE of El Ciruelo, Mexico",6.9,0,6,,0,732,us,0,0.0,0.0,mwb,33.0,16.333,-98.216,"El Ciruelo, Mexico",North America,Mexico
"M 7.0 - 26 km WSW of Carúpano, Venezuela",7.0,0,8,,0,754,us,0,0.0,0.0,mwc,19.9,10.598,-63.486,"Carúpano, Venezuela",,Venezuela
"M 6.8 - 52 km WSW of Coquimbo, Chile",6.8,0,6,,0,711,us,0,0.0,0.0,mwc,19.0,-30.058,-71.872,"Coquimbo, Chile",,
"M 6.5 - 5 km ENE of Churumuco de Morelos, Mexico",6.5,0,6,,0,650,us,0,0.0,0.0,mwc,70.0,18.684,-101.604,"Churumuco de Morelos, Mexico",North America,Mexico
"M 6.8 - 99 km S of Isangel, Vanuatu",6.8,0,6,,0,711,us,0,0.0,0.0,mwc,57.0,-20.438,169.287,"Isangel, Vanuatu",,
"M 6.5 - 51 km S of Jurm, Afghanistan",6.5,0,4,,0,650,us,0,0.0,0.0,mwb,196.0,36.411,70.945,"Jurm, Afghanistan",Asia,Afghanistan
"M 7.3 - 58 km E of Q?’en, Iran",7.3,0,9,,0,820,us,0,0.0,0.0,mwb,10.0,33.825,59.809,"Q?’en, Iran",Asia,Iran
"M 6.5 - 49 km N of Yigo Village, Guam",6.5,0,6,,0,650,us,0,0.0,0.0,mwc,100.8,13.986,144.901,"Yigo Village, Guam",,
"M 6.7 - 18 km WSW of Scarborough, Trinidad and Tobago",6.7,0,7,,0,691,us,0,0.0,0.0,mwb,5.0,11.112,-60.892,"Scarborough, Trinidad and Tobago",,Trinidad and Tobago
"M 7.7 - 171 km NNW of Sola, Vanuatu",7.7,0,6,,0,912,us,0,0.0,0.0,mwc,33.0,-12.584,166.676,"Sola, Vanuatu",,
"M 6.5 - 49 km W of Finschhafen, Papua New Guinea",6.5,0,6,,0,650,us,0,0.0,0.0,mwc,69.1,-6.485,147.408,"Finschhafen, Papua New Guinea",,Papua New Guinea
"M 6.9 - 121 km E of Kinablangan, Philippines",6.9,0,5,,0,732,us,0,0.0,0.0,mwb,10.0,7.742,127.647,"Kinablangan, Philippines",,
"M 7.1 - 29 km ESE of Harnai, Pakistan",7.1,0,6,,0,776,us,0,0.0,0.0,mwc,33.0,29.976,68.208,"Harnai, Pakistan",Asia,Pakistan
M 6.5 - Turkmenistan-Iran border region,6.5,0,8,,0,650,us,0,0.0,0.0,mwc,10.0,37.661,57.291,Turkmenistan-Iran border region,Asia,Iran
"M 7.2 - 46 km WNW of El Habillal, Mexico",7.2,0,7,,0,798,us,0,0.0,0.0,mwb,33.0,18.219,-102.756,"El Habillal, Mexico",North America,Mexico
"M 6.5 - 131 km W of Iwanai, Japan",6.5,0,4,,0,650,us,0,0.0,0.0,mwc,226.5,43.207,138.92,"Iwanai, Japan",,
"M 6.7 - 17 km SW of Miyazaki, Japan",6.7,0,6,,0,691,us,0,0.0,0.0,mwc,49.2,31.789,131.314,"Miyazaki, Japan",Asia,Japan
"M 6.9 - 130 km ENE of Thang, India",6.9,0,7,,0,732,us,0,0.0,0.0,mwc,33.0,35.345,78.133,"Thang, India",Asia,People's Republic of China
"M 7.7 - 60 km SW of Changuillo, Peru",7.7,0,7,,0,912,us,0,0.0,0.0,mwc,33.0,-14.993,-75.675,"Changuillo, Peru",,Peru
"M 6.7 - 5 km SE of Miyazaki, Japan",6.7,0,7,,0,691,us,0,0.0,0.0,mwc,22.0,31.885,131.468,"Miyazaki, Japan",Asia,Japan
"M 6.6 - 20 km SSE of Nishinoomote, Japan",6.6,0,7,,0,670,us,0,0.0,0.0,mwc,10.0,30.568,131.093,"Nishinoomote, Japan",Asia,Japan
"M 6.8 - 90 km S of Panguna, Papua New Guinea",6.8,0,6,,0,711,us,0,0.0,0.0,mwc,24.0,-7.133,155.568,"Panguna, Papua New Guinea",,Solomon Islands
"M 6.8 - 36 km SW of Paphos, Cyprus",6.8,0,6,,0,711,us,0,0.0,0.0,mwc,33.0,34.556,32.126,"Paphos, Cyprus",Asia,
"M 6.6 - 24 km NE of Cortes, Philippines",6.6,0,6,,0,670,us,0,0.0,0.0,mwc,33.0,9.454,126.334,"Cortes, Philippines",,Philippines
"M 6.6 - 22 km NNE of Cortes, Philippines",6.6,0,6,,0,670,us,0,0.0,0.0,mwc,33.0,9.463,126.284,"Cortes, Philippines",,Philippines
"M 6.8 - 78 km E of Hengchun, Taiwan",6.8,0,6,,0,711,us,0,0.0,0.0,mwc,20.0,21.898,121.498,"Hengchun, Taiwan",,Taiwan
"M 6.9 - 62 km WSW of Kirakira, Solomon Islands",6.9,0,6,,0,732,us,0,0.0,0.0,mwc,33.0,-10.769,161.445,"Kirakira, Solomon Islands",,Solomon Islands
"M 7.0 - 220 km NNE of Palu, Indonesia",7.0,0,6,,0,754,us,0,0.0,0.0,mwc,33.0,1.0,120.45,"Palu, Indonesia",,Indonesia
"M 6.6 - 217 km NNE of Palu, Indonesia",6.6,0,6,,0,670,us,0,0.0,0.0,mwb,33.0,1.016,120.254,"Palu, Indonesia",,Indonesia
"M 6.8 - 26 km NNE of Coyuquilla Norte, Mexico",6.8,0,6,,0,711,us,0,0.0,0.0,mwb,18.3,17.6,-100.965,"Coyuquilla Norte, Mexico",North America,Mexico
"M 7.9 - 169 km NNE of Maumere, Indonesia",7.9,0,4,,0,960,us,0,0.0,0.0,mwc,587.3,-7.137,122.589,"Maumere, Indonesia",,Indonesia
"M 7.1 - 8 km NNE of Palapag, Philippines",7.1,0,6,,0,776,us,0,0.0,0.0,mwc,33.0,12.614,125.154,"Palapag, Philippines",,Philippines
"M 7.3 - 46 km SSW of Adak, Alaska",7.3,0,7,,0,820,us,0,0.0,0.0,mwc,26.3,51.478,-176.847,"Adak, Alaska",North America,United States of America
"M 7.9 - 77 km WSW of Adak, Alaska",7.9,0,7,,0,960,us,0,0.0,0.0,mwc,33.0,51.564,-177.632,"Adak, Alaska",North America,United States of America
"M 6.7 - 63 km NW of Sola, Vanuatu",6.7,0,4,,0,691,us,0,0.0,0.0,mwc,200.1,-13.481,167.13,"Sola, Vanuatu",,Vanuatu
"M 7.2 - 58 km WSW of Panguna, Papua New Guinea",7.2,0,6,,0,798,us,0,0.0,0.0,mwc,44.0,-6.518,154.999,"Panguna, Papua New Guinea",,Papua New Guinea
"M 6.6 - 44 km SE of Antofagasta, Chile",6.6,0,7,,0,670,us,0,0.0,0.0,mwb,49.5,-23.944,-70.093,Ant,South America,Chile
"M 6.7 - 44 km NNE of Port-Olry, Vanuatu",6.7,0,5,,0,691,us,0,0.0,0.0,mwc,164.4,-14.705,167.297,"Port-Olry, Vanuatu",,Vanuatu
"M 6.7 - 30 km WSW of Villa El Carmen, Nicaragua",6.7,0,6,,0,691,us,0,0.0,0.0,mwc,33.0,11.905,-86.772,"Villa El Carmen, Nicaragua",,Nicaragua
"M 6.6 - 39 km WSW of Masachapa, Nicaragua",6.6,0,6,,0,670,us,0,0.0,0.0,mwc,33.0,11.657,-86.856,"Masachapa, Nicaragua",,
"M 7.1 - 24 km SSW of Santa María Chico Ometepec, Mexico",7.1,0,7,,0,776,us,0,0.0,0.0,mw,21.1,15.978,-98.07,"Santa María Chico Ometepec, Mexico",North America,Mexico
"M 7.5 - 123 km WSW of Puerto Santa, Peru",7.5,0,6,,0,865,us,0,0.0,0.0,mw,10.0,-9.593,-79.587,"Puerto Santa, Peru",,Peru
"M 6.5 - 32 km NNE of Biak, Indonesia",6.5,0,6,,0,650,us,0,0.0,0.0,mw,31.9,-0.917,136.225,"Biak, Indonesia",,Indonesia
"M 6.5 - 67 km NNW of Insrom, Indonesia",6.5,0,6,,0,650,us,0,0.0,0.0,mw,19.2,-0.567,135.84,"Insrom, Indonesia",,Indonesia
"M 8.1 - 101 km ENE of Biak, Indonesia",8.09,0,8,,0,1007,official,0,0.0,0.0,mww,33.0,-0.891,136.952,"Biak, Indonesia",,
"M 6.7 - 123 km E of Namie, Japan",6.7,0,4,,0,691,us,0,0.0,0.0,mw,40.8,37.353,142.38,"Namie, Japan",,
"M 7.2 - 158 km E of Kuril’sk, Russia",7.2,0,6,,0,798,us,0,0.0,0.0,mw,42.6,45.324,149.892,"Kuril’sk, Russia",,
"M 6.6 - 47 km N of Lijiang, China",6.6,0,10,,0,670,us,0,0.0,0.0,mw,11.1,27.291,100.276,"Lijiang, China",Asia,People's Republic of China
"M 6.6 - 106 km NE of Yelizovo, Russia",6.6,0,7,,0,670,us,0,0.0,0.0,ms,33.0,53.826,159.586,"Yelizovo, Russia",Asia,Russia
"M 7.9 - 181 km N of Palu, Indonesia",7.9,0,8,,0,960,us,0,0.0,0.0,mw,24.0,0.729,119.931,"Palu, Indonesia",,Indonesia
"M 7.1 - 297 km NE of Lospalos, Timor Leste",7.1,0,6,,0,776,us,0,0.0,0.0,mw,141.9,-6.903,129.151,"Lospalos, Timor Leste",,Indonesia
"M 6.5 - 130 km SSW of Abepura, Indonesia",6.5,0,6,,0,650,us,0,0.0,0.0,mwb,63.4,-3.703,140.233,"Abepura, Indonesia",,Indonesia
"M 7.9 - 128 km ESE of Kuril’sk, Russia",7.9,0,6,,0,960,us,0,0.0,0.0,mw,33.0,44.663,149.3,"Kuril’sk, Russia",,
"M 7.2 - 27 km SSE of Nuwaybi‘a, Egypt",7.2,0,9,,0,798,us,0,0.0,0.0,mw,10.0,28.826,34.799,"Nuwaybi‘a, Egypt",Asia,Saudi Arabia
"M 6.7 - 73 km WSW of Vallenar, Chile",6.7,0,7,,0,691,us,0,0.0,0.0,mw,19.9,-28.906,-71.417,"Vallenar, Chile",,Chile
"M 7.2 - 13 km NW of Ocozocoautla de Espinosa, Mexico",7.2,0,6,,0,798,us,0,0.0,0.0,mw,159.3,16.84,-93.469,"Ocozocoautla de Espinosa, Mexico",,Mexico
"M 6.8 - 71 km ESE of Naze, Japan",6.8,0,6,,0,711,us,0,0.0,0.0,mw,19.7,28.094,130.148,"Naze, Japan",,
"M 7.1 - 83 km SE of Naze, Japan",7.1,0,6,,0,776,us,0,0.0,0.0,mw,28.4,27.929,130.175,"Naze, Japan",,
"M 8.0 - 5 km E of El Colomo, Mexico",8.0,0,8,,0,985,us,0,0.0,0.0,mw,33.0,19.055,-104.205,"El Colomo, Mexico",North America,Mexico
"M 6.8 - 5 km ENE of Sungai Penuh, Indonesia",6.8,0,7,,0,711,us,0,0.0,0.0,mw,33.0,-2.045,101.436,"Sungai Penuh, Indonesia",,Indonesia
"M 6.5 - 50 km SE of Sucúa, Ecuador",6.5,0,7,,0,650,us,0,0.0,0.0,mw,16.7,-2.778,-77.851,"Sucúa, Ecuador",South America,Ecuador
"M 7.0 - 45 km SE of Sucúa, Ecuador",7.0,0,7,,0,754,us,0,0.0,0.0,mw,24.4,-2.75,-77.881,"Sucúa, Ecuador",South America,Ecuador
"M 6.5 - 81 km W of Paramonga, Peru",6.5,0,5,,0,650,us,0,0.0,0.0,mwb,59.9,-10.68,-78.581,"Paramonga, Peru",,Peru
"M 7.4 - 5 km N of Azoyú, Mexico",7.4,0,7,,0,842,us,0,0.0,0.0,mwb,23.0,16.779,-98.597,"Azoyú, Mexico",North America,Mexico
"M 6.6 - 95 km SW of Etchoropo, Mexico",6.6,0,5,,0,670,us,0,0.0,0.0,mwb,12.2,26.092,-110.284,"Etchoropo, Mexico",,
"M 6.6 - 7 km WSW of Neira, Colombia",6.6,0,6,,0,670,us,0,0.0,0.0,mw,119.6,5.139,-75.577,"Neira, Colombia",South America,Colombia
"M 7.2 - 139 km WNW of Panguna, Papua New Guinea",7.2,0,6,,0,798,us,0,0.0,0.0,mw,33.0,-5.771,154.347,"Panguna, Papua New Guinea",,
"M 6.6 - 205 km SE of Kokopo, Papua New Guinea",6.6,0,4,,0,670,us,0,0.0,0.0,mw,18.7,-5.429,153.773,"Kokopo, Papua New Guinea",,
"M 7.7 - 155 km WNW of Panguna, Papua New Guinea",7.7,0,6,,0,912,us,0,0.0,0.0,mw,30.1,-5.799,154.178,"Panguna, Papua New Guinea",,
"M 6.7 - 99 km WSW of Kokopo, Papua New Guinea",6.7,0,6,,0,691,us,0,0.0,0.0,mw,127.9,-4.836,151.515,"Kokopo, Papua New Guinea",,Papua New Guinea
"M 8.0 - 36 km NNE of Antofagasta, Chile",8.0,0,8,,0,985,us,0,0.0,0.0,mw,45.6,-23.34,-70.294,Ant,South America,Chile
"M 6.8 - 158 km W of Jinghong, China",6.8,0,8,,0,711,us,0,0.0,0.0,mw,12.5,21.966,99.196,"Jinghong, China",Asia,Myanmar
"M 6.6 - 0 km ESE of Isangel, Vanuatu",6.6,0,5,,0,670,us,0,0.0,0.0,mw,139.4,-19.544,169.287,"Isangel, Vanuatu",,Vanuatu
"M 6.5 - 8 km WNW of Galaxídhion, Greece",6.5,0,7,,0,650,us,0,0.0,0.0,mw,14.2,38.401,22.283,"Galaxídhion, Greece",Europe,Greece
"M 7.1 - 85 km S of Tungor, Russia",7.1,0,9,,0,776,us,0,0.0,0.0,mwb,11.0,52.629,142.827,"Tungor, Russia",Asia,Russia
"M 7.7 - 249 km E of Vao, New Caledonia",7.7,0,4,,0,912,us,0,0.0,0.0,mw,20.2,-23.008,169.9,"Vao, New Caledonia",,
"M 6.9 - 27 km NNW of Maubara, Timor Leste",6.9,0,6,,0,732,us,0,0.0,0.0,mw,11.2,-8.378,125.127,"Maubara, Timor Leste",,Indonesia
"M 6.6 - 10 km W of Aianí, Greece",6.6,0,9,,0,670,us,0,0.0,0.0,mw,14.0,40.149,21.695,"Aianí, Greece",Europe,Greece
"M 7.1 - 14 km NE of Cabatuan, Philippines",7.1,0,7,,0,776,us,0,0.0,0.0,mw,16.0,12.626,125.297,"Cabatuan, Philippines",,Philippines
